BPS,PBR,PER,ROE,company,price
1591.0,5.83,5414.52,9.31,A000050,14000.0
337.0,24.69,980.25,3.23,A000020,11550.0
-855.0,-1.06,-86.23,-18.59,A000040,713.0
3481.0,19.25,3077.36,3.19,A000070,57800.0
588.0,80.44,2547.07,0.85,A000100,51900.0
-594.0,-48.8,202.85,4.34,A000080,36000.0
18218.0,3.86,1602.57,6.81,A000150,37600.0
-156.0,-10.3,688.54,-1.95,A000180,1480.0
17228.0,5.25,2685.75,11.65,A000210,92300.0
1741.0,89.01,2489.33,2.95,A000120,161000.0
-903.0,-14.62,920.51,4.98,A000140,16300.0
616.0,18.43,970.23,8.88,A000220,11650.0
-1946.0,-5.44,1163.63,-8.14,A000230,8950.0
1627.0,8.85,7096.88,20.16,A000240,10100.0
473.0,75.3,1344.45,13.51,A000250,41550.0
4506.0,9.83,1298.17,3.46,A000270,34250.0
152.0,5.09,78.54,7.47,A000300,655.0
339.0,36.82,4455.16,2.83,A000320,9750.0
143.0,35.99,2283.66,2.08,A000390,4920.0
258.0,13.13,1484.11,2.81,A000430,3065.0
99.0,81.87,1583.15,0.97,A000440,8850.0
6088.0,14.59,2990.05,2.82,A000480,74200.0
131.0,43.33,827.87,2.94,A000490,5200.0
1314.0,17.74,1166.19,0.86,A000500,17300.0
121.0,174.02,898.21,3.98,A000520,18750.0
8382.0,6.98,3993.36,12.61,A000590,49700.0
3220.0,33.39,2778.6,6.86,A000640,89900.0
506.0,138.47,326.38,0.94,A000650,58600.0
2766.0,34.03,1287.01,10.05,A000660,81500.0
126504.0,5.1,35443.81,2.74,A000670,510000.0
-877.0,-2.64,50.45,-5.35,A000680,1895.0
156.0,42.59,114.79,-2.13,A000700,5900.0
3656.0,11.57,1138.52,4.98,A000720,34200.0
-1615.0,-9.6,626.83,-2.74,A000760,13100.0
3388.0,11.81,1870.54,3.33,A000850,31500.0
2250.0,9.05,7964.69,-0.59,A000860,15650.0
919.0,27.21,834.76,2.23,A000880,20100.0
-131.0,-8.65,26.33,-14.54,A000890,841.0
-1012.0,-3.96,1180.01,5.13,A000910,6420.0
-23962.0,-0.64,817.4,-22.18,A000950,12400.0
2351.0,11.74,226.34,22.45,A000990,28600.0
9.0,213.43,495.43,17.51,A001000,1725.0
-2096.0,-1.94,-172.39,0.53,A001020,1320.0
7491.0,12.9,2527.96,4.47,A001040,91900.0
-1133.0,-26.14,344.1,-3.72,A001060,34650.0
-2943.0,-6.85,2432.33,-8.3,A001070,21700.0
737.0,20.41,515.19,1.28,A001120,15650.0
10055.0,14.67,8705.68,2.51,A001130,133000.0
-424.0,-5.75,167.59,-1.09,A001140,2320.0
-3534.0,-1.21,1227.26,-6.64,A001210,3330.0
-718.0,-8.29,85.2,2.91,A001230,4265.0
-207.0,-10.72,81.11,1.5,A001250,1710.0
393.0,28.74,83.48,2.04,A001260,11800.0
357.0,6.89,348.07,12.59,A001340,2780.0
117.0,35.71,295.89,-14.52,A001360,3900.0
17.0,102.96,638.5,3.07,A001380,1310.0
7569.0,1.59,470.48,5.7,A001390,14200.0
71.0,56.86,768.21,0.31,A001420,3390.0
480.0,31.78,702.54,1.49,A001430,9720.0
-14.0,-43.97,45.19,2.14,A001440,771.0
33063.0,7.15,10280.96,13.71,A001460,207000.0
58.0,12.38,139.77,2.19,A001470,717.0
-2.0,-882.76,732.5,-3.73,A001520,1430.0
5025.0,14.75,4258.69,5.17,A001530,64500.0
194.0,55.29,2234.27,1.55,A001540,11450.0
-25.0,-621.51,88.14,1.36,A001550,16650.0
640.0,12.16,1929.38,8.54,A001560,5840.0
-247.0,-9.71,167.7,5.33,A001570,3020.0
-32.0,-22.36,499.52,-2.27,A001620,579.0
8988.0,11.24,3640.1,11.96,A001630,119500.0
2976.0,7.79,2845.79,4.38,A001680,25100.0
-530.0,-11.21,249.53,0.84,A001740,5190.0
793.0,27.05,470.07,1.37,A001770,21600.0
-98.0,-28.15,441.99,2.69,A001780,1960.0
1533.0,13.02,1397.14,2.45,A001790,18300.0
772.0,23.05,5921.75,12.68,A001800,14050.0
61.0,37.01,1605.07,0.85,A001810,2030.0
2852.0,18.34,1312.71,14.65,A001820,53700.0
14.0,340.35,294.19,0.09,A001840,5130.0
6265.0,3.17,503.53,11.17,A001880,21400.0
2408.0,5.31,3409.24,4.87,A001940,11450.0
-1244.0,-14.11,867.21,2.83,A002020,17400.0
22002.0,4.7,11553.62,10.25,A002030,80500.0
-32.0,-63.33,1448.1,-0.23,A002070,1410.0
209.0,54.24,1712.11,3.82,A002100,12450.0
180.0,18.71,288.85,3.02,A002140,4535.0
516.0,17.32,1447.72,5.24,A002150,8770.0
14733.0,4.07,2143.7,25.73,A002170,53700.0
4505.0,4.39,1139.43,7.1,A002200,18650.0
-328.0,-48.9,180.07,-8.7,A002210,12900.0
-478.0,-4.24,1246.99,-4.23,A002220,1655.0
129.0,31.29,1384.36,-3.43,A002230,4420.0
499.0,41.18,7018.21,1.93,A002240,14400.0
33151.0,12.46,17366.63,2.77,A002270,361000.0
265.0,13.59,848.75,4.76,A002290,2820.0
-4330.0,-3.94,1685.29,0.49,A002300,17150.0
6860.0,4.37,1205.67,10.19,A002310,31100.0
-261.0,-114.96,1107.01,4.4,A002320,53700.0
1135.0,8.04,2732.18,10.25,A002350,5890.0
-26.0,-39.73,76.3,-2.22,A002360,912.0
-21079.0,-11.08,9923.37,4.9,A002380,143500.0
2538.0,8.93,4986.99,5.81,A002390,23500.0
794.0,4.12,243.86,4.15,A002410,3215.0
-2309.0,-25.03,170.85,-8.87,A002420,49400.0
151.0,12.3,455.72,10.43,A002450,1480.0
616.0,18.9,511.1,6.56,A002460,10800.0
13076.0,11.43,4215.4,6.33,A002600,150000.0
-5676.0,-3.0,4458.99,1.23,A002620,19500.0
-541.0,-3.57,41.67,-8.43,A002680,1900.0
74.0,33.37,1638.64,0.77,A002690,2035.0
60.0,30.66,99.05,1.08,A002700,2210.0
219.0,12.4,382.91,2.94,A002710,2075.0
-259.0,-17.89,127.7,5.01,A002720,7130.0
11.0,188.42,267.49,1.75,A002760,2130.0
139.0,16.65,24.3,5.13,A002780,2070.0
1498.0,55.21,7355.32,7.93,A002790,57800.0
141.0,48.4,643.26,3.43,A002800,7380.0
1941.0,8.19,3952.33,3.35,A002810,14200.0
-2973.0,-1.46,1693.3,-4.11,A002820,3580.0
6164.0,9.25,3246.25,12.9,A002840,69800.0
562.0,2.66,342.99,7.24,A002870,1370.0
94.0,9.51,92.88,2.44,A002880,712.0
54.0,24.11,123.88,2.22,A002900,1020.0
670.0,3.97,1978.5,4.72,A002920,2565.0
16174.0,19.97,1298.85,12.12,A002960,253000.0
323.0,35.65,138.41,3.47,A002990,6910.0
-111.0,-129.06,1062.92,5.67,A003000,26400.0
365.0,11.83,1646.88,4.52,A003010,6200.0
-742.0,-63.9,4429.38,2.39,A003030,32050.0
-47.0,-28.69,102.53,-3.85,A003060,2000.0
1911.0,5.07,273.72,3.6,A003070,9640.0
-143.0,-31.13,933.72,-10.4,A003080,4205.0
1074.0,12.06,2247.59,7.88,A003090,17250.0
758.0,21.9,4624.5,16.73,A003100,14700.0
2526.0,32.5,3145.9,-2.6,A003120,83400.0
21.0,169.79,717.56,-5.97,A003160,3745.0
2940.0,24.35,5836.41,2.74,A003200,56800.0
1348.0,12.47,2012.37,11.05,A003220,15300.0
7906.0,11.37,645.92,14.4,A003230,118500.0
122200.0,8.67,58834.95,9.99,A003240,740000.0
2304.0,19.06,6579.56,5.06,A003300,46950.0
51.0,27.61,160.72,3.21,A003310,1340.0
-328.0,-94.56,2069.52,1.71,A003350,37000.0
594.0,14.43,20530.06,4.17,A003380,7100.0
259.0,21.86,266.2,14.85,A003410,5070.0
1025.0,2.53,135.1,4.38,A003480,3500.0
-6556.0,-4.35,77.93,2.03,A003490,20700.0
28.0,241.07,26.58,4.53,A003520,5270.0
6141.0,12.02,2054.04,15.57,A003550,63100.0
-453.0,-3.85,91.44,-7.09,A003560,1555.0
501.0,13.2,700.47,5.13,A003570,5400.0
-901.0,-8.98,441.48,-12.44,A003580,6520.0
-2290.0,-0.91,-46.47,-7.78,A003620,1620.0
10189.0,7.79,3069.75,5.4,A003650,57500.0
1672.0,29.46,3174.65,6.06,A003670,55500.0
-2868.0,-1.85,34.12,-3.06,A003680,5250.0
-59.0,-16.86,156.81,-0.81,A003720,1320.0
525.0,7.6,553.0,14.78,A003780,3370.0
2587.0,9.15,3875.42,16.43,A003800,44500.0
16958.0,5.28,6382.75,4.27,A003830,87400.0
729.0,22.77,1249.52,7.45,A003850,14750.0
32968.0,13.33,20997.99,0.04,A003920,299500.0
10553.0,1.52,681.88,3.73,A003960,15750.0
6526.0,6.92,1080.74,14.46,A004000,37850.0
128.0,245.36,2308.48,1.62,A004020,21850.0
48.0,18.93,103.61,0.16,A004060,657.0
213.0,44.66,1220.19,2.44,A004080,9300.0
-11586.0,-8.93,4255.9,1.26,A004090,97800.0
-243.0,-6.4,178.39,3.31,A004140,2115.0
536.0,7.33,141.0,2.18,A004150,3055.0
53472.0,5.4,6741.18,7.32,A004170,245000.0
1907.0,4.43,87.92,9.21,A004200,8720.0
343.0,10.92,1214.46,4.37,A004250,3725.0
-59.0,-53.42,396.95,0.63,A004270,2810.0
240.0,47.94,6787.52,2.23,A004360,10350.0
11672.0,20.61,6571.96,3.36,A004370,315500.0
156.0,74.6,1701.67,3.21,A004380,11500.0
-6.0,-29.78,-26.5,0.58,A004410,172.0
1448.0,10.74,3525.66,7.28,A004430,14450.0
211.0,36.16,2140.21,1.83,A004440,6000.0
3876.0,11.75,1325.37,7.84,A004450,40000.0
5597.0,6.66,15105.26,9.28,A004490,28700.0
-322.0,-7.41,271.39,0.87,A004540,4055.0
1434.0,6.28,431.05,4.98,A004560,7350.0
405.0,10.33,5353.45,13.24,A004590,4590.0
2328.0,5.39,2885.43,4.74,A004650,15000.0
9327.0,9.06,6464.14,2.47,A004690,65100.0
2181.0,17.88,653.21,14.64,A004700,42350.0
234.0,38.28,77.17,2.62,A004710,7280.0
26.0,244.35,888.84,1.25,A004720,6460.0
20.0,196.86,202.48,16.49,A004770,3380.0
337.0,12.48,1246.9,4.24,A004780,4105.0
4921.0,16.08,6917.55,7.02,A004800,67300.0
11.0,269.69,694.94,0.54,A004830,3565.0
445.0,11.81,4586.2,4.84,A004840,7150.0
-388.0,-4.47,320.51,-2.91,A004870,1370.0
1547.0,37.44,2941.54,-0.28,A004890,55900.0
-181.0,-30.44,2735.75,-0.18,A004910,5580.0
-237.0,-5.79,-25.86,-7.67,A004920,1125.0
6210.0,2.38,709.97,7.67,A004960,14000.0
644.0,18.46,6341.77,-1.15,A004970,10200.0
690.0,10.11,195.88,2.94,A004980,7270.0
-3395.0,-11.47,43217.52,1.97,A004990,34300.0
-1648.0,-6.06,834.79,-2.4,A005010,6640.0
-510.0,-0.92,-67.22,-4.36,A005030,363.0
-251.0,-35.44,365.13,-1.49,A005070,11600.0
-41.0,-745.42,1054.03,0.4,A005090,29350.0
-124.0,-21.85,55.52,10.67,A005110,2475.0
250.0,10.38,626.35,4.89,A005160,2720.0
4168.0,13.44,1096.86,5.21,A005180,63100.0
2492.0,7.3,2281.07,12.59,A005190,17000.0
60.0,372.73,3024.62,1.99,A005250,21400.0
1138.0,14.71,1228.25,11.98,A005290,17900.0
-16243.0,-8.62,43586.75,4.43,A005300,103500.0
-186.0,-6.64,295.22,-1.9,A005320,3235.0
-92.0,-39.86,283.95,1.39,A005360,3580.0
10761.0,11.2,4865.48,3.41,A005380,98000.0
-754.0,-8.12,125.48,-1.28,A005420,8530.0
5136.0,8.8,1686.28,4.17,A005430,41600.0
561.0,21.13,3276.46,2.88,A005440,8300.0
-1841.0,-2.69,-14.08,4.55,A005450,4945.0
21048.0,11.24,9630.2,6.01,A005490,181000.0
812.0,30.74,1489.22,18.23,A005500,27700.0
2341.0,37.25,735.34,1.88,A005610,70200.0
3109.0,1.96,1476.83,5.96,A005670,5780.0
428.0,21.09,4562.31,2.31,A005680,8130.0
72.0,117.1,72.23,6.04,A005690,24100.0
1950.0,3.04,3056.33,3.98,A005710,5240.0
1037.0,5.84,3525.24,9.83,A005720,4290.0
-1342.0,-7.75,4196.68,3.74,A005740,9030.0
132.0,31.62,865.55,1.75,A005750,4355.0
4238.0,23.6,6726.32,0.81,A005800,89300.0
3063.0,11.09,1596.14,4.08,A005810,27550.0
1348.0,13.46,773.33,5.29,A005820,16450.0
-60.0,-30.18,213.4,1.29,A005860,2010.0
564.0,12.89,73.4,4.5,A005870,6000.0
3705.0,6.21,357.52,12.81,A005880,17300.0
3166.0,17.63,28856.02,12.05,A005930,50700.0
-481.0,-22.04,246.75,0.62,A005950,9720.0
2803.0,3.05,437.38,4.8,A005960,9910.0
1646.0,6.44,9209.78,5.31,A005990,8950.0
12632.0,16.74,5781.6,7.22,A006040,226000.0
31.0,62.76,207.37,1.36,A006050,2775.0
1066.0,11.17,953.48,7.96,A006060,8460.0
1402.0,5.4,340.88,7.21,A006090,8040.0
450.0,9.84,1878.7,3.37,A006110,4015.0
8844.0,2.96,2400.51,3.46,A006120,28350.0
326.0,15.81,1320.34,5.93,A006140,4490.0
-266.0,-2.75,291.22,-5.58,A006200,604.0
787.0,60.76,1934.4,3.46,A006260,37400.0
-311.0,-425.69,1737.88,2.94,A006280,141500.0
-12.0,-100.75,127.92,0.25,A006340,1060.0
5552.0,5.59,906.31,7.37,A006360,28550.0
-1837.0,-3.26,444.13,-14.03,A006370,4995.0
-2070.0,-1.5,620.16,-10.76,A006380,3010.0
2458.0,12.39,145.69,9.17,A006390,29700.0
5066.0,46.59,3338.5,4.58,A006400,359000.0
-271.0,-11.3,-44.36,6.29,A006490,2385.0
-765.0,-5.39,451.9,-1.35,A006570,4180.0
876.0,3.71,938.86,12.61,A006580,2935.0
486.0,10.68,1416.56,5.42,A006620,18400.0
16360.0,7.18,4252.26,5.49,A006650,130000.0
585.0,13.65,5183.88,-5.42,A006660,6170.0
1.0,10740.77,2039.58,11.29,A006730,6630.0
418.0,7.45,1020.31,10.91,A006740,3485.0
2135.0,16.21,1149.46,3.49,A006840,21700.0
-2905.0,-1.37,1525.76,-0.12,A006880,4560.0
847.0,6.2,1540.67,2.85,A006890,6130.0
18.0,110.86,249.9,-0.95,A006910,1755.0
50.0,103.67,306.93,0.86,A006920,4465.0
386.0,7.62,1065.12,-1.05,A006980,3675.0
1729.0,22.7,2737.46,2.65,A007070,42600.0
12.0,206.14,35.54,2.63,A007110,2460.0
108.0,3.0,444.14,1.84,A007120,390.0
-2557.0,-14.59,1455.74,2.48,A007160,29650.0
-40.0,-47.63,645.76,-0.88,A007210,1855.0
-690.0,-2.36,316.9,-2.1,A007280,1370.0
26861.0,20.63,8116.36,6.28,A007310,551000.0
6584.0,4.46,17827.03,8.63,A007340,24550.0
137.0,32.06,671.06,-0.46,A007370,5530.0
16.0,424.29,153.75,7.63,A007390,9910.0
86.0,31.85,330.6,3.28,A007460,3045.0
450.0,3.64,565.32,5.37,A007530,1555.0
4195.0,9.71,8436.99,10.51,A007540,69100.0
511.0,44.11,203.66,10.02,A007570,48000.0
473.0,14.53,2031.02,6.26,A007590,6200.0
-119.0,-25.5,637.68,-1.87,A007610,2750.0
-345.0,-3.55,184.82,-44.88,A007630,1225.0
844.0,13.27,5039.13,5.02,A007680,9020.0
5958.0,7.9,1740.5,3.75,A007690,39350.0
7156.0,15.65,6263.09,16.56,A007700,99500.0
633.0,2.37,230.61,1.78,A007720,1265.0
475.0,24.19,5132.39,2.15,A007770,9550.0
25.0,475.2,2336.12,2.55,A007810,9020.0
229.0,47.99,686.4,3.94,A007820,8120.0
-2554.0,-1.14,8412.11,1.51,A007860,3875.0
225.0,11.77,513.26,4.45,A007980,2090.0
6.0,155.66,212.47,3.02,A008040,914.0
794.0,13.16,2552.97,4.33,A008060,6680.0
71.0,104.16,235.13,3.44,A008250,7460.0
224.0,9.85,629.99,8.15,A008260,2125.0
-140.0,-24.16,34.45,-3.28,A008290,2610.0
166.0,23.63,957.71,3.74,A008370,4025.0
116.0,22.13,986.23,1.6,A008420,2815.0
416.0,13.11,1663.11,3.38,A008470,4270.0
2742.0,12.95,5241.73,10.29,A008490,53700.0
-11334.0,-1.61,356.7,-41.05,A008500,9800.0
-634.0,-2.25,60.83,-7.32,A008600,1400.0
6.0,360.27,44.94,1.29,A008700,2030.0
734.0,19.06,2213.86,5.1,A008730,13900.0
4243.0,21.4,411.78,5.17,A008770,79200.0
-62.0,-47.56,899.16,2.23,A008830,2610.0
466.0,82.35,2064.64,4.65,A008930,27450.0
15.0,69.5,34.48,2.27,A008970,1090.0
238.0,11.56,1181.5,4.26,A009070,2400.0
6627.0,18.86,1190.22,9.13,A009150,125000.0
145.0,20.31,1298.7,2.59,A009160,2570.0
215.0,7.14,718.78,2.07,A009180,1465.0
132.0,113.98,281.49,2.14,A009190,4470.0
-231.0,-10.76,311.89,6.12,A009200,2175.0
1815.0,34.26,3113.32,3.28,A009240,84600.0
17.0,107.07,392.28,1.33,A009270,1800.0
440.0,15.12,805.01,3.38,A009290,7210.0
1601.0,9.96,2572.2,14.53,A009300,14250.0
-387.0,-3.63,178.84,-12.13,A009310,1290.0
-52.0,-40.38,28.57,-1.86,A009320,2390.0
1152.0,10.38,2866.91,9.97,A009410,15500.0
367.0,98.9,418.25,15.76,A009420,26850.0
364.0,13.23,1475.83,3.08,A009440,4035.0
2186.0,21.31,2255.62,5.79,A009450,38600.0
124.0,24.75,188.25,5.98,A009460,2275.0
460.0,33.51,379.85,2.62,A009470,17500.0
254.0,18.82,332.33,4.52,A009520,5770.0
2318.0,54.56,5274.3,1.91,A009540,90800.0
162.0,26.08,294.04,7.83,A009580,3030.0
-237.0,-2.69,455.35,2.33,A009620,798.0
344.0,25.72,2484.26,4.67,A009680,7540.0
1868.0,17.58,1377.02,4.56,A009770,27800.0
668.0,7.09,916.8,9.84,A009780,4550.0
-40.0,-20.1,3.21,-15.55,A009810,655.0
-1457.0,-12.93,606.5,3.98,A009830,16150.0
8870.0,5.43,15979.95,10.92,A009970,41650.0
187.0,21.58,1120.27,4.01,A010040,4415.0
-33308.0,-1.88,1956.46,-6.93,A010060,39400.0
373.0,5.9,597.0,1.56,A010100,3285.0
3462.0,15.77,831.73,7.18,A010120,45550.0
33541.0,12.67,7046.39,12.03,A010130,378000.0
-2080.0,-3.49,104.71,-8.39,A010140,4815.0
-159.0,-20.92,386.53,-6.24,A010170,3795.0
568.0,7.79,1004.35,8.51,A010240,4135.0
32.0,56.74,9.54,0.42,A010280,1480.0
2171.0,30.13,2738.02,13.52,A010400,6880.0
154.0,11.26,315.76,1.7,A010420,1440.0
515.0,9.69,474.98,4.01,A010470,4330.0
-179.0,-4.69,-37.18,-5.74,A010580,306.0
-368.0,-5.94,245.45,-13.59,A010600,2305.0
1333.0,34.54,964.36,3.09,A010620,34000.0
755.0,5.16,431.68,8.84,A010640,3000.0
-31.0,-9.9,1046.6,-1.73,A010660,3730.0
190.0,17.19,1709.31,0.17,A010690,2120.0
-942.0,-3.82,973.41,-0.61,A010770,3200.0
2139.0,15.4,6959.62,6.87,A010780,30800.0
-224.0,-9.3,-106.72,-3.69,A010820,2205.0
561.0,169.84,2119.87,1.72,A010950,70700.0
863.0,5.16,1513.46,6.46,A010960,4585.0
-286.0,-7.7,-77.64,-19.91,A011000,10600.0
758.0,10.45,1704.35,13.91,A011040,8410.0
4323.0,32.39,1793.97,4.86,A011070,147500.0
-2.0,-265.48,5.93,0.44,A011080,504.0
-61.0,-18.56,100.41,-0.78,A011090,1195.0
51.0,53.27,256.12,2.48,A011150,3935.0
20860.0,10.74,7608.48,7.32,A011170,188000.0
-1860.0,-1.91,-180.13,-5.44,A011200,4725.0
2030.0,24.73,2243.08,1.39,A011210,37400.0
-302.0,-8.57,-98.02,-0.53,A011230,2860.0
263.0,16.19,785.09,3.64,A011280,3630.0
-203.0,-3.26,62.06,-6.01,A011300,452.0
216.0,28.51,937.61,1.4,A011320,6920.0
234.0,7.74,123.41,16.48,A011330,1520.0
98.0,12.19,519.5,4.38,A011370,1020.0
3684.0,39.5,953.21,6.13,A011390,139000.0
-50.0,-29.75,74.78,-1.59,A011420,1315.0
638.0,6.67,1446.9,5.84,A011500,4695.0
-770.0,-10.34,2715.86,-1.45,A011560,5130.0
-164.0,-29.72,183.9,-4.71,A011690,1220.0
50.0,33.55,401.08,4.11,A011700,1460.0
1236.0,14.48,655.44,1.02,A011760,14600.0
8796.0,8.81,1518.71,7.39,A011780,70900.0
1591.0,32.06,794.35,6.11,A011790,57100.0
-1663.0,-4.82,577.96,0.12,A011810,6680.0
12.0,78.78,110.26,2.15,A011930,1225.0
22.0,40.19,188.73,7.75,A012030,749.0
12.0,92.09,522.67,1.72,A012160,1200.0
-14205.0,-0.01,-87.33,-34.54,A012170,150.0
4.0,754.05,986.94,0.86,A012200,2890.0
6.0,279.64,216.57,0.87,A012280,1705.0
3850.0,9.52,5767.49,8.08,A012320,26450.0
23867.0,10.73,6730.8,6.2,A012330,198000.0
-55.0,-29.93,82.22,0.5,A012340,1880.0
2555.0,13.72,710.7,3.14,A012450,24300.0
1669.0,48.54,2392.08,25.43,A012510,120000.0
-22988.0,-0.11,-69.83,-11.8,A012600,2990.0
345.0,22.44,970.78,6.57,A012610,7100.0
2259.0,3.97,5269.04,3.6,A012620,8450.0
4295.0,2.57,1351.35,7.92,A012630,9500.0
66.0,54.61,244.95,2.35,A012690,6870.0
1531.0,4.64,2569.16,10.88,A012700,6070.0
3859.0,24.28,7687.07,9.15,A012750,93200.0
666.0,10.74,2488.61,15.52,A012790,8150.0
56.0,25.68,235.93,1.89,A012800,1190.0
-358.0,-3.58,734.52,1.41,A012860,1440.0
3.0,647.6,179.56,4.13,A013000,1940.0
947.0,20.28,4921.09,10.5,A013030,13250.0
933.0,4.38,1598.39,16.51,A013120,3610.0
423.0,6.14,966.74,6.31,A013310,2365.0
34.0,36.96,215.38,1.97,A013360,1080.0
357.0,5.93,714.06,4.19,A013520,1625.0
623.0,9.03,2708.33,5.16,A013570,4065.0
8013.0,2.53,916.8,5.97,A013580,17250.0
299.0,4.25,166.86,5.24,A013700,1325.0
38.0,63.68,440.01,1.09,A013720,2155.0
632.0,6.45,443.02,8.88,A013810,4530.0
143.0,34.27,2291.29,1.78,A013870,4530.0
3503.0,12.76,2885.15,8.54,A013890,84000.0
-481.0,-7.74,740.13,-2.6,A013990,3155.0
3373.0,2.56,1352.34,2.79,A014100,4195.0
479.0,9.21,1093.95,2.07,A014130,4700.0
100.0,11.15,188.03,4.96,A014160,1105.0
108.0,20.05,363.1,-0.9,A014190,1590.0
-121.0,-18.45,193.13,-7.53,A014200,1775.0
-360.0,-10.59,1041.4,0.48,A014280,3350.0
256.0,13.61,1352.53,6.44,A014440,2775.0
-156.0,-16.54,580.69,-1.28,A014470,2160.0
412.0,8.37,898.68,2.09,A014530,3150.0
354.0,20.3,1091.8,6.15,A014570,12550.0
148.0,29.43,708.64,2.08,A014580,3915.0
216.0,48.0,3066.65,3.45,A014620,7650.0
7655.0,13.85,712.46,18.96,A014680,97500.0
-328.0,-16.14,1112.04,2.79,A014710,4000.0
51.0,58.86,7.79,5.19,A014790,3110.0
1474.0,19.94,234.62,7.21,A014820,24000.0
7600.0,6.15,1604.05,9.69,A014830,42050.0
-92.0,-23.3,195.09,-4.33,A014910,1590.0
77.0,10.39,-31.02,4.1,A014940,904.0
40.0,235.33,851.1,1.77,A014970,7830.0
-55.0,-43.13,117.52,-0.78,A014990,2265.0
256.0,2.77,135.84,16.52,A015020,673.0
5054.0,5.71,1207.29,6.74,A015230,23600.0
-73.0,-4.79,49.69,-6.21,A015260,248.0
4448.0,8.03,1151.31,4.47,A015350,36350.0
3278.0,11.41,1907.02,2.0,A015360,34550.0
-4012.0,-1.31,36.37,-164.58,A015540,5350.0
24.0,44.3,27.4,13.45,A015590,1055.0
469.0,13.97,1279.67,9.96,A015710,6200.0
491.0,7.63,2747.77,2.16,A015750,2870.0
-3654.0,-7.61,1597.36,-2.16,A015760,21600.0
255.0,19.86,515.87,3.53,A015860,4025.0
706.0,8.08,1372.94,2.07,A015890,4920.0
376.0,6.64,639.49,6.76,A016090,1820.0
-3046.0,-1.85,47.29,-29.09,A016100,3835.0
6923.0,10.56,2086.73,4.53,A016250,85200.0
-932.0,-8.37,59.56,1.43,A016380,15700.0
504.0,14.65,1555.21,3.52,A016450,5170.0
1005.0,15.37,2837.25,16.44,A016580,13500.0
13849.0,4.3,1977.29,14.64,A016590,57900.0
-49.0,-31.2,232.06,38.33,A016670,1435.0
837.0,9.96,2673.64,2.6,A016710,11250.0
366.0,8.59,115.81,5.93,A016740,2950.0
-100.0,23.79,1747.85,1.22,A016790,17350.0
2953.0,9.99,3408.16,8.24,A016800,28300.0
-2212.0,-0.7,50.38,9.17,A016880,1220.0
137.0,10.69,276.13,2.75,A016920,1615.0
1338.0,3.14,67.03,2.7,A017000,3240.0
185.0,12.33,345.81,6.06,A017040,2190.0
-776.0,-5.86,288.39,-9.57,A017180,6950.0
316.0,15.8,1033.27,0.44,A017370,3510.0
5836.0,12.1,2795.66,0.77,A017390,74400.0
417.0,9.5,1653.93,3.35,A017480,3570.0
224.0,21.64,838.62,9.05,A017510,4330.0
3.0,939.72,271.99,4.59,A017550,1805.0
56.0,22.49,2483.47,5.61,A017650,1620.0
11021.0,21.59,56343.49,6.26,A017670,216000.0
1785.0,38.26,596.0,7.27,A017800,63300.0
83.0,135.73,1438.84,1.28,A017810,15450.0
1472.0,5.11,2862.58,11.36,A017890,16600.0
60.0,36.08,683.94,-0.87,A017900,1955.0
-6293.0,-7.68,3420.56,2.31,A017940,35650.0
403.0,19.45,1421.0,9.25,A017960,8170.0
-42.0,-23.93,45.35,-18.17,A018000,2015.0
1959.0,15.67,2734.19,18.65,A018120,30950.0
1581.0,15.98,1181.93,8.64,A018250,25000.0
9518.0,20.44,17320.14,9.24,A018260,190500.0
96.0,93.94,524.48,9.1,A018290,10050.0
932.0,8.97,4966.41,7.88,A018310,7420.0
-1098.0,-0.66,221.93,-3.91,A018470,580.0
-530.0,-4.62,110.09,-4.62,A018620,2470.0
17212.0,4.92,3606.85,3.84,A018670,76200.0
28.0,242.49,1091.68,7.61,A018680,8460.0
597.0,18.69,4305.47,6.76,A018880,9740.0
49.0,22.67,784.97,3.91,A019010,1470.0
31.0,236.99,742.14,1.03,A019170,21700.0
959.0,3.82,308.33,5.35,A019180,2535.0
44.0,171.77,1995.45,3.08,A019210,4725.0
1280.0,10.51,652.11,2.71,A019440,11150.0
-3223.0,-0.98,125.15,-44.05,A019490,3000.0
-317.0,-11.16,1723.13,-7.63,A019540,3070.0
-323.0,-9.74,42.55,-45.27,A019660,2425.0
162.0,37.64,1240.92,3.86,A019680,4555.0
-257.0,-10.29,1078.12,0.22,A019770,2300.0
50.0,69.47,749.85,0.94,A019990,3560.0
3462.0,9.11,8696.65,8.46,A020000,30250.0
166.0,24.32,179.75,2.63,A020120,5900.0
1016.0,42.09,2340.22,8.52,A020150,46650.0
0.0,33025.44,695.19,3.69,A020400,7860.0
-3626.0,-1.49,-26.39,-6.37,A020560,4045.0
765.0,6.26,980.64,6.69,A020710,5320.0
-1074.0,-3.29,256.03,-32.18,A020760,2970.0
9.0,110.81,66.41,2.25,A021040,756.0
65.0,43.26,217.92,3.09,A021050,3265.0
4511.0,20.64,2671.88,15.18,A021240,66600.0
1319.0,4.93,254.0,3.58,A021320,6730.0
205.0,13.31,601.65,3.8,A021650,2635.0
258.0,20.54,385.61,4.96,A022100,4765.0
222.0,9.46,222.81,14.31,A022220,1900.0
261.0,11.58,948.79,4.01,A023000,2245.0
-71.0,-86.28,1405.91,9.68,A023150,8610.0
408.0,25.0,3264.9,4.58,A023160,8530.0
-325.0,-12.09,1644.8,-0.96,A023350,4230.0
257.0,19.55,1963.74,8.78,A023410,3980.0
-122.0,-18.37,313.1,-13.24,A023440,1900.0
4925.0,5.05,2283.02,7.8,A023450,28700.0
-32153.0,-4.21,9523.91,2.43,A023530,89000.0
4130.0,4.6,5947.42,15.64,A023590,18300.0
1779.0,4.62,4300.07,12.44,A023600,7530.0
1142.0,7.69,791.5,24.25,A023770,14100.0
527.0,6.08,1235.84,-15.03,A023790,2840.0
-545.0,-9.07,2497.59,1.13,A023800,3980.0
-617.0,-6.03,1859.54,-0.12,A023810,3755.0
5806.0,8.8,6847.92,9.97,A023890,45700.0
618.0,27.1,1966.58,8.67,A023900,22250.0
4694.0,6.74,5459.18,19.93,A023910,30000.0
-14.0,-100.14,-40.73,1.2,A023960,1405.0
553.0,9.7,5078.89,0.33,A024060,7600.0
70.0,37.89,1432.83,0.72,A024070,2170.0
2005.0,6.06,3028.84,12.06,A024090,10650.0
930.0,6.65,1707.23,8.58,A024120,6300.0
2236.0,10.09,4823.9,17.05,A024720,22500.0
106.0,15.68,623.21,4.04,A024740,1675.0
780.0,3.62,1364.32,2.08,A024800,2250.0
0.0,1817.38,51.19,1.07,A024810,169.0
1572.0,4.0,3773.67,10.94,A024830,6280.0
196.0,8.58,469.05,2.09,A024840,1295.0
448.0,10.44,1822.49,4.34,A024880,3940.0
104.0,13.67,279.86,5.03,A024890,1850.0
-422.0,-2.95,54.71,-0.63,A024900,1005.0
542.0,4.11,669.25,-2.46,A024940,2085.0
-584.0,-9.21,1216.46,-9.46,A024950,8900.0
8420.0,6.6,1838.34,6.33,A025000,50000.0
88.0,31.02,146.61,7.68,A025320,2935.0
-99.0,-10.02,-33.31,-1.83,A025440,846.0
329.0,9.82,2056.63,3.92,A025530,2725.0
3062.0,13.96,13584.26,4.34,A025540,35250.0
106.0,28.64,638.54,3.61,A025550,2830.0
-11.0,-12.56,-13.58,-20.49,A025560,80.0
-3152.0,-1.36,310.94,-98.85,A025620,2765.0
-57.0,-19.36,86.93,-0.63,A025750,1010.0
634.0,10.84,1015.08,6.86,A025770,10000.0
-100.0,-17.72,336.67,0.31,A025820,1505.0
323.0,25.27,788.85,1.29,A025860,7850.0
182.0,43.57,692.69,2.35,A025870,9540.0
-386.0,-6.03,554.07,-2.66,A025880,2170.0
-1199.0,-1.57,484.76,-13.52,A025890,1465.0
1371.0,12.36,7701.12,8.15,A025900,24850.0
100.0,62.16,1977.53,-1.86,A025950,5310.0
-85.0,-123.03,3408.69,3.3,A025980,10350.0
-2026.0,-2.01,481.96,-29.68,A026040,2580.0
52.0,121.93,1065.31,0.46,A026150,7270.0
256.0,20.2,697.95,8.48,A026890,10550.0
-153.0,-24.47,776.71,-2.81,A026910,2920.0
92.0,56.89,1041.5,0.24,A026940,4330.0
1373.0,12.67,2488.55,7.66,A026960,16700.0
59.0,17.25,22.74,-2.79,A027040,888.0
15.0,259.25,372.88,2.62,A027050,4700.0
281.0,19.91,1495.87,12.23,A027410,4485.0
-269.0,-3.97,45.42,-10.15,A027580,1190.0
-57.0,-19.78,152.47,1.52,A027710,1320.0
-109.0,-7.43,-0.58,-6.22,A027740,943.0
380.0,6.56,-21.09,7.94,A027970,2070.0
-582.0,-0.84,-18.16,-40.3,A028040,279.0
1493.0,12.86,51.89,6.05,A028050,12100.0
464.0,6.77,2715.79,11.17,A028080,2740.0
1656.0,11.56,3327.03,6.02,A028100,17050.0
16696.0,8.9,3727.67,9.84,A028150,119300.0
5489.0,19.77,94439.65,2.82,A028260,99100.0
-1084.0,-103.34,1770.59,-126.84,A028300,112900.0
284.0,16.0,407.45,8.51,A028670,3575.0
3722.0,5.01,6629.59,13.21,A029460,18350.0
-152.0,-6.6,273.82,-8.26,A029480,591.0
1437.0,25.67,1652.42,1.47,A029530,25350.0
483.0,20.58,511.65,40.0,A029960,10000.0
1200.0,20.04,5735.51,6.02,A030000,16600.0
672.0,20.77,676.42,12.49,A030190,18200.0
2371.0,11.39,835.97,4.73,A030200,24350.0
-359.0,-8.16,143.19,-74.16,A030350,2445.0
818.0,12.22,1846.63,10.4,A030520,12000.0
429.0,12.71,1918.14,13.68,A030530,4365.0
1304.0,7.78,118.01,9.24,A030720,9470.0
-10298.0,-1.28,13.31,-25.23,A030790,8290.0
-63.0,-52.34,1017.81,-0.35,A031310,3920.0
376.0,5.84,362.82,2.78,A031330,2085.0
920.0,51.02,1327.75,15.02,A031390,41850.0
10361.0,21.19,1577.35,5.93,A031430,195000.0
1124.0,62.54,1538.94,1.68,A031440,60200.0
19.0,80.06,179.54,1.28,A031820,1355.0
-266.0,-7.77,92.3,-51.32,A031860,2345.0
912.0,9.37,8605.66,3.48,A031980,7320.0
226.0,8.22,796.25,6.56,A032080,1690.0
1782.0,4.66,2901.8,15.5,A032190,13750.0
204.0,9.82,308.48,2.6,A032280,1875.0
-204.0,-70.1,764.27,-18.27,A032350,13700.0
2652.0,19.27,971.55,20.02,A032500,58300.0
64.0,51.51,1069.69,0.6,A032540,2730.0
1794.0,3.9,3460.29,7.71,A032560,6030.0
-52.0,-31.07,182.8,-0.83,A032580,1900.0
130.0,44.08,320.57,11.14,A032620,10900.0
1005.0,14.13,175.24,5.54,A032640,13150.0
-102.0,-23.59,95.66,0.26,A032680,2470.0
2019.0,5.67,2432.54,8.69,A032750,9130.0
-1122.0,-3.63,233.54,-6.04,A032790,4075.0
-218.0,-3.0,-25.17,2.68,A032800,965.0
-120.0,-8.18,-50.73,-27.62,A032820,818.0
427.0,10.23,505.36,16.25,A032850,11600.0
-51.0,-7.1,-37.91,-2.54,A032860,222.0
2577.0,1.64,1129.86,4.6,A032940,3380.0
723.0,17.14,1025.51,3.17,A032960,10250.0
-435.0,-2.96,31.88,-50.82,A032980,1160.0
-245.0,-5.27,11.89,-6.98,A033050,1455.0
348.0,19.36,759.54,12.7,A033100,5870.0
-454.0,-2.1,-22.92,-80.15,A033110,204.0
92.0,23.68,306.91,8.68,A033130,2185.0
324.0,23.77,2941.57,17.32,A033160,7700.0
-233.0,-4.9,212.74,-8.98,A033170,815.0
-168.0,-45.3,538.4,2.15,A033180,4910.0
-21.0,-106.48,344.25,1.4,A033230,4410.0
-16.0,-675.68,3081.77,-2.52,A033240,7300.0
1907.0,9.62,3312.62,15.58,A033270,19600.0
568.0,9.93,445.64,19.28,A033290,5850.0
189.0,16.92,588.31,0.89,A033310,3300.0
37.0,134.37,792.61,1.22,A033320,4405.0
-266.0,-11.36,412.22,-7.26,A033340,2275.0
-325.0,-2.91,62.87,-19.88,A033430,370.0
625.0,16.87,606.19,10.64,A033500,9990.0
247.0,18.73,3408.97,1.08,A033530,5470.0
-1725.0,-2.65,567.25,-29.26,A033540,5490.0
101.0,33.82,1637.43,-42.37,A033560,4305.0
1326.0,18.13,1699.71,17.06,A033640,32550.0
7549.0,12.42,850.82,27.84,A033780,83900.0
-720.0,-1.03,137.36,-183.32,A033790,829.0
56.0,21.73,129.4,10.65,A033830,865.0
832.0,10.21,8943.86,-8.06,A033920,6130.0
-2150.0,-2.66,73.32,6.88,A034020,4280.0
1079.0,19.27,545.85,1.54,A034120,16850.0
-7908.0,-2.05,545.22,-5.79,A034220,10200.0
166.0,118.91,1997.09,5.3,A034230,14500.0
4379.0,6.01,700.19,2.38,A034300,23300.0
771.0,27.11,3525.26,8.21,A034310,21800.0
2448.0,11.73,769.94,2.08,A034590,25250.0
10113.0,25.91,119888.22,3.98,A034730,239000.0
238.0,42.91,2812.29,25.75,A034810,11100.0
-32.0,-118.23,275.57,-0.54,A034940,5490.0
4483.0,13.05,375.77,34.12,A034950,77500.0
921.0,7.11,767.81,4.04,A035000,5420.0
-81.0,-26.65,931.67,1.32,A035080,1845.0
282.0,31.9,967.04,6.83,A035150,5820.0
122.0,27.24,645.01,5.2,A035200,3230.0
1564.0,18.92,3538.24,32.97,A035250,24200.0
-8107.0,-0.14,-35.12,-72.78,A035290,11750.0
3538.0,52.72,44216.06,10.77,A035420,226000.0
228.0,9.18,403.36,5.96,A035460,2600.0
6196.0,17.35,2288.63,4.06,A035510,134000.0
1792.0,9.49,1815.55,9.01,A035600,23300.0
65.0,62.11,1031.21,0.39,A035610,3780.0
-267.0,-6.18,148.27,-104.47,A035620,2215.0
-3585.0,-42.82,12027.79,6.73,A035720,263500.0
4754.0,33.57,3142.72,7.11,A035760,121000.0
40.0,125.24,1250.78,2.58,A035810,4260.0
319.0,3.51,282.18,9.51,A035890,1185.0
883.0,27.36,849.45,27.96,A035900,22850.0
-708.0,-5.29,1750.21,-2.96,A036000,2900.0
-381.0,-13.69,1375.08,-1.88,A036010,4405.0
40.0,135.21,500.15,3.32,A036030,5540.0
40.0,21.63,92.42,-3.34,A036090,659.0
138.0,18.46,15.57,13.17,A036120,3380.0
-416.0,-5.14,125.06,-0.07,A036170,1580.0
-261.0,-16.75,170.06,1.12,A036180,1205.0
4614.0,6.39,7886.07,16.39,A036190,27700.0
718.0,7.56,723.4,13.4,A036200,6220.0
-518.0,-4.28,-44.22,-29.78,A036260,2220.0
78.0,494.42,330.26,6.39,A036420,29800.0
420.0,90.14,1606.72,5.34,A036460,29850.0
750.0,21.2,1746.9,13.45,A036480,14300.0
12150.0,15.27,12004.21,27.81,A036490,162100.0
3835.0,4.03,9308.41,8.35,A036530,14800.0
145.0,29.66,315.63,6.64,A036540,5530.0
799.0,10.64,1891.21,13.48,A036560,6730.0
16320.0,33.15,25668.24,28.16,A036570,790000.0
-225.0,-20.41,1722.54,1.74,A036580,7650.0
-133.0,-6.32,44.83,-19.23,A036620,846.0
4.0,87.06,11.29,-3.62,A036630,330.0
60.0,44.52,796.24,2.37,A036640,4000.0
1013.0,10.71,1140.45,20.82,A036670,9950.0
256.0,16.57,742.65,4.5,A036690,3630.0
-378.0,-4.34,485.38,-1.71,A036710,1630.0
3011.0,9.52,4614.72,7.74,A036800,28950.0
903.0,8.58,1075.79,15.01,A036810,13000.0
6737.0,12.51,9645.05,17.06,A036830,80700.0
979.0,7.09,1282.08,8.42,A036890,6020.0
534.0,15.17,798.8,11.95,A036930,5400.0
403.0,9.33,297.1,2.37,A037030,4775.0
617.0,14.42,984.82,5.98,A037070,17400.0
72.0,29.94,248.18,4.38,A037230,2380.0
-55.0,-24.69,204.78,0.96,A037270,1720.0
111.0,18.88,661.67,4.27,A037330,1720.0
-4159.0,-0.83,1723.72,2.73,A037350,3520.0
-99.0,-86.97,342.27,2.23,A037370,8540.0
48.0,25.67,-191.59,1.6,A037400,1100.0
264.0,16.2,802.1,4.05,A037440,3845.0
849.0,11.59,1941.93,2.42,A037460,9990.0
-1217.0,-4.97,391.34,2.63,A037560,4355.0
29793.0,5.5,8184.19,35.58,A037710,142000.0
62.0,30.42,374.13,5.24,A037760,1910.0
13.0,119.65,115.27,7.58,A037950,2195.0
466.0,9.09,1391.45,2.93,A038010,3525.0
-1310.0,-2.35,466.47,-12.12,A038060,1875.0
1126.0,7.85,1567.07,3.31,A038070,11000.0
-32.0,-46.88,764.67,0.9,A038110,1430.0
-2675.0,-1.42,180.12,-151.31,A038160,862.0
-330.0,-75.13,2354.62,0.59,A038290,32050.0
-368.0,-11.08,116.86,-24.82,A038340,2830.0
2589.0,6.05,3930.73,13.51,A038390,13150.0
1108.0,3.92,942.59,1.97,A038460,4580.0
173.0,21.9,1094.95,8.07,A038500,3550.0
-1096.0,-1.48,26.73,-26.15,A038530,2230.0
2254.0,3.85,847.96,33.69,A038540,7630.0
1.0,802.52,128.95,2.83,A038620,1090.0
377.0,18.48,917.57,2.47,A038680,6800.0
615.0,7.29,991.5,5.87,A038870,6920.0
7.0,72.88,134.74,4.01,A038880,487.0
-12.0,-330.15,1748.88,-0.23,A038950,5410.0
1236.0,6.49,1852.01,10.04,A039010,6690.0
179.0,14.74,540.27,3.53,A039020,2700.0
983.0,105.07,6225.4,3.44,A039030,87900.0
-691.0,-73.95,3585.26,0.78,A039130,40600.0
-784.0,-30.76,206.03,-454.53,A039200,21850.0
-138.0,-2.86,15.68,8.42,A039230,181.0
186.0,9.62,3390.74,1.91,A039240,1655.0
96.0,64.04,1201.08,0.66,A039290,6740.0
120.0,25.58,870.13,2.57,A039310,2855.0
653.0,7.22,977.75,17.61,A039340,5080.0
154.0,14.95,251.53,10.75,A039420,2420.0
1466.0,14.05,2131.85,8.5,A039440,16600.0
52.0,157.48,1003.14,-0.04,A039560,7490.0
-358.0,-30.43,2359.34,5.13,A039570,9110.0
283.0,20.74,1297.08,5.02,A039610,5860.0
223.0,13.63,939.39,0.61,A039740,3000.0
350.0,38.96,2012.92,8.02,A039830,9800.0
1412.0,29.74,1824.64,27.34,A039840,27300.0
218.0,25.72,276.85,11.62,A039860,8270.0
-11.0,-128.6,287.38,-0.4,A039980,1305.0
736.0,7.46,1086.95,7.85,A040160,7240.0
-35.0,-58.94,343.32,0.38,A040300,1915.0
-169.0,-10.82,-14.69,-78.45,A040350,2080.0
489.0,15.47,766.27,14.32,A040420,6320.0
40.0,46.47,1391.76,1.25,A040610,1360.0
658.0,29.84,1691.56,11.76,A040910,15200.0
-183.0,-8.9,82.85,-28.26,A041020,1215.0
83.0,83.98,564.6,-95.04,A041140,8070.0
65.0,68.41,1987.5,1.23,A041440,3665.0
78.0,57.61,315.13,8.1,A041460,7360.0
-390.0,-98.5,3495.49,6.14,A041510,26000.0
-48.0,-106.08,3162.99,-2.0,A041520,4330.0
-1239.0,-1.16,90.69,-21.02,A041590,853.0
189.0,18.58,1617.39,4.0,A041650,2530.0
1493.0,15.84,2053.85,23.6,A041830,17700.0
1280.0,8.17,1668.68,8.16,A041910,10000.0
780.0,10.49,1142.7,15.91,A041920,18550.0
634.0,7.6,1257.69,3.72,A041930,5450.0
-334.0,-45.61,1071.22,-15.31,A041960,18500.0
710.0,185.99,2374.03,4.53,A042000,56700.0
-362.0,-2.69,1041.53,-57.49,A042040,697.0
-21.0,-64.3,319.88,1.99,A042110,1265.0
746.0,8.49,1287.63,11.95,A042370,7220.0
2345.0,6.01,8570.65,11.58,A042420,15200.0
466.0,8.96,787.76,5.32,A042500,5240.0
66.0,42.59,76.72,6.97,A042510,4225.0
-155.0,-22.68,1131.11,0.05,A042600,2895.0
-434.0,-64.23,106.56,3.5,A042660,21800.0
1153.0,4.82,135.69,10.27,A042670,5200.0
337.0,24.06,2019.21,11.4,A042700,9230.0
-127.0,-13.28,114.03,0.56,A042940,1930.0
-277.0,-10.42,144.12,-57.23,A043090,2195.0
-325.0,-1.65,-59.58,-27.71,A043100,392.0
2281.0,12.8,3238.38,15.78,A043150,22500.0
13.0,160.78,157.37,0.3,A043200,2525.0
14.0,117.03,19.13,7.94,A043220,1385.0
-144.0,-5.71,29.68,-3.1,A043260,605.0
-312.0,-7.48,1106.99,-10.05,A043290,1575.0
-7.0,-144.84,-19.07,0.87,A043340,1380.0
-374.0,-7.45,926.28,-21.47,A043360,2100.0
1506.0,5.73,5536.67,1.43,A043370,5970.0
-321.0,-4.64,54.2,-11.96,A043590,1490.0
126.0,28.01,431.17,3.53,A043610,3650.0
-285.0,-11.39,2197.97,-5.84,A043650,4260.0
-257.0,-5.59,269.52,-11.15,A043710,1305.0
-27.0,-39.03,105.17,2.57,A043910,1660.0
359.0,21.23,911.23,17.11,A044060,6410.0
2266.0,11.5,1859.52,13.31,A044340,21000.0
-88.0,-18.13,310.31,-5.44,A044380,1485.0
1001.0,7.72,2206.55,22.89,A044450,7720.0
-30.0,-194.66,581.2,-9.8,A044480,4900.0
-1690.0,-5.26,4929.98,-8.02,A044490,7610.0
45.0,32.18,423.81,1.63,A044780,1210.0
42.0,323.72,6989.41,-1.57,A044820,15050.0
97.0,68.84,495.32,5.56,A044960,7200.0
442.0,7.63,843.6,5.88,A045060,5820.0
1641.0,7.5,3624.06,4.32,A045100,10450.0
481.0,8.79,795.15,6.68,A045300,3615.0
301.0,10.54,162.64,20.56,A045340,3140.0
30.0,172.41,1207.74,7.92,A045390,5850.0
25.0,69.99,138.25,1.04,A045510,1965.0
1249.0,22.1,1031.19,9.2,A045520,28250.0
777.0,11.83,2249.91,4.38,A045660,12600.0
-1143.0,-2.44,43.44,-27.46,A045890,1390.0
279.0,22.6,967.49,4.67,A045970,9700.0
589.0,7.53,1022.03,7.17,A046110,4490.0
42.0,84.46,488.74,5.48,A046120,3035.0
26.0,208.92,1326.07,1.19,A046140,5770.0
109.0,21.49,24.49,-7.65,A046210,4945.0
119.0,25.16,448.39,11.86,A046310,2985.0
17.0,91.0,352.86,0.32,A046390,1505.0
601.0,10.2,1485.97,18.1,A046440,8250.0
592.0,27.47,2370.62,4.38,A046890,13900.0
822.0,8.44,843.75,7.77,A046940,6650.0
-335.0,-7.06,137.21,-1.74,A046970,1910.0
502.0,9.44,35.52,4.21,A047040,3830.0
1697.0,10.99,391.53,2.48,A047050,16000.0
97.0,35.15,42.43,-0.63,A047080,2775.0
1611.0,6.33,1289.72,4.57,A047310,7690.0
55.0,42.61,308.55,3.34,A047400,4125.0
-1146.0,-6.33,132.6,-4.12,A047560,6580.0
180.0,15.64,118.65,12.6,A047770,2450.0
1748.0,19.48,138.83,8.86,A047810,25350.0
74.0,17.31,162.93,2.89,A047820,1705.0
34.0,159.09,139.37,3.99,A047920,6270.0
-1138.0,-37.16,1706.83,7.59,A048260,31200.0
22.0,627.98,232.78,8.49,A048410,10950.0
201.0,29.63,1727.22,1.1,A048430,6600.0
31.0,170.5,1158.39,-0.46,A048470,5580.0
-101.0,-153.49,318.6,-52.33,A048530,14950.0
39.0,38.8,153.61,2.89,A048550,1570.0
-312.0,-12.98,209.29,0.17,A048770,3150.0
-44.0,-41.17,333.86,-0.49,A048830,1515.0
54.0,39.89,141.41,2.17,A048870,1805.0
87.0,77.18,997.95,1.91,A048910,6440.0
2073.0,6.22,4979.32,7.76,A049070,10350.0
-872.0,-1.7,5.1,-40.67,A049080,1090.0
-143.0,-14.73,436.96,-0.54,A049120,1670.0
-1733.0,-3.45,133.43,-44.91,A049180,5980.0
1581.0,5.41,3089.93,20.87,A049430,7470.0
-343.0,-2.02,-26.84,-13.49,A049470,735.0
50.0,64.58,305.84,1.62,A049480,3400.0
380.0,13.65,1481.95,2.17,A049520,4270.0
-177.0,-22.5,108.7,-2.23,A049550,3470.0
84.0,12.71,40.65,6.0,A049630,842.0
463.0,10.67,217.82,6.94,A049720,6000.0
17015.0,13.28,3580.92,3.35,A049770,196000.0
-1361.0,-2.54,906.25,-4.58,A049800,3170.0
-96.0,-88.95,4563.9,-1.01,A049830,8960.0
1430.0,24.82,2885.36,3.75,A049950,30650.0
769.0,24.63,2481.01,12.61,A049960,15900.0
-28.0,-22.96,-17.76,-0.2,A050090,592.0
31.0,99.72,184.64,2.34,A050110,2965.0
-161.0,-5.29,33.39,-5.99,A050120,855.0
-264.0,-7.7,96.87,-7.55,A050540,282.0
658.0,8.35,586.36,11.05,A050760,5950.0
112.0,48.32,358.97,-1.54,A050890,5310.0
430.0,17.32,2104.98,17.44,A050960,6060.0
-110.0,-38.08,32.64,-0.08,A051160,12050.0
1319.0,7.14,2360.21,7.32,A051360,6900.0
-1212.0,-14.07,1772.97,-3.82,A051370,10150.0
477.0,22.52,858.25,2.06,A051380,8040.0
174.0,21.63,1304.79,14.33,A051390,3750.0
76.0,57.96,1041.88,1.36,A051490,4880.0
434.0,66.06,1045.92,1.9,A051500,18700.0
3407.0,11.49,11723.35,15.55,A051600,30850.0
-175.0,-26.62,344.23,-6.17,A051630,3020.0
-105.0,-9.09,-21.0,3.04,A051780,798.0
43916.0,28.71,4822.48,15.31,A051900,1370000.0
4003.0,79.31,4362.05,3.13,A051910,390500.0
-201.0,-2.75,13.12,-87.06,A051980,610.0
-432.0,-26.49,47.42,-17.74,A052020,10600.0
-775.0,-1.61,52.57,-343.64,A052190,295.0
93.0,26.06,352.93,3.35,A052220,2195.0
723.0,29.1,1979.09,13.6,A052260,32950.0
-106.0,-3.61,387.15,-20.91,A052300,280.0
1975.0,6.51,3884.73,11.61,A052330,9330.0
-341.0,-42.81,1285.42,-1.15,A052400,13050.0
265.0,9.99,473.7,2.9,A052420,2450.0
-15.0,-188.83,417.34,0.04,A052460,4310.0
98.0,31.6,552.13,7.22,A052600,3775.0
136.0,50.88,407.94,2.26,A052670,7680.0
691.0,29.03,6478.92,9.82,A052690,16550.0
37.0,795.0,3585.51,2.81,A052710,21950.0
-940.0,-4.74,24.48,-55.0,A052770,4460.0
1833.0,6.82,1924.52,40.94,A052790,8890.0
328.0,16.08,560.0,9.44,A052860,3975.0
48.0,27.02,169.43,8.89,A052900,1290.0
268.0,29.48,880.31,9.0,A053030,12450.0
143.0,10.16,383.19,4.1,A053050,1400.0
-105.0,-7.61,-1.24,-0.81,A053060,635.0
-209.0,-3.55,-13.88,-16.28,A053110,567.0
90.0,63.91,1367.27,-2.34,A053160,6030.0
1141.0,7.64,490.52,9.98,A053210,8040.0
235.0,15.12,1076.59,1.26,A053260,3135.0
127.0,14.32,479.95,2.27,A053270,1470.0
0.0,24329.85,652.61,1.18,A053280,5440.0
49.0,66.16,785.35,3.47,A053290,3415.0
229.0,16.52,442.86,21.76,A053300,6490.0
-443.0,-11.38,1108.41,2.02,A053350,4705.0
-1483.0,-4.41,1856.59,0.23,A053450,5190.0
954.0,34.12,720.69,7.52,A053580,56400.0
-171.0,-11.55,-31.03,-1.95,A053590,1240.0
3502.0,4.6,3780.87,25.59,A053610,13850.0
857.0,9.22,3687.37,4.97,A053620,8760.0
2038.0,4.71,2377.72,8.28,A053690,8080.0
1912.0,34.26,4283.79,11.03,A053800,55300.0
-293.0,-34.01,613.18,-7.03,A053950,8330.0
-833.0,-7.52,285.65,-3.48,A053980,11200.0
472.0,6.49,1101.56,6.51,A054040,2450.0
436.0,27.2,2770.78,3.24,A054050,10600.0
23.0,94.77,659.99,1.67,A054090,2690.0
-76.0,-20.97,1.76,-6.18,A054180,1335.0
571.0,9.71,1513.78,4.98,A054210,4180.0
17.0,58.26,52.02,4.28,A054300,822.0
-151.0,-30.41,1122.28,2.32,A054410,3530.0
616.0,17.13,1509.69,5.78,A054450,8370.0
269.0,13.73,1018.77,4.49,A054540,3865.0
-130.0,-78.17,8290.47,-45.7,A054620,7920.0
-393.0,-2.88,36.03,-15.23,A054630,860.0
1062.0,9.8,798.25,15.43,A054670,10300.0
-1078.0,-11.13,4237.16,9.19,A054800,13750.0
1903.0,1.46,834.99,-2.66,A054920,3120.0
-2050.0,-9.63,442.52,-5.77,A054930,17250.0
-11.0,-156.92,216.92,1.23,A054940,1445.0
916.0,32.31,4271.08,9.5,A054950,35600.0
1617.0,13.6,2569.3,7.35,A055490,18550.0
-240.0,-27.51,151.22,-18.04,A056000,3085.0
-474.0,-6.33,180.17,-21.55,A056080,2430.0
-244.0,-22.6,929.5,-3.34,A056090,4540.0
3676.0,12.58,5270.9,13.58,A056190,35400.0
2107.0,4.2,2349.76,10.36,A056360,10400.0
325.0,11.93,576.63,6.42,A056700,2420.0
109.0,35.49,502.2,4.37,A057030,9810.0
7162.0,11.24,2869.08,5.88,A057050,67000.0
6.0,576.42,190.31,5.44,A057500,3195.0
463.0,4.24,346.76,-2.09,A057540,2430.0
53.0,26.39,100.64,26.41,A057680,1980.0
-650.0,-2.09,25.78,-69.66,A057880,1420.0
-267.0,-14.55,53.05,-1.64,A058110,19150.0
-208.0,-7.63,4.71,6.29,A058220,275.0
61.0,19.99,196.5,10.47,A058400,1660.0
-164.0,-9.34,211.33,-10.93,A058420,1385.0
446.0,38.3,629.73,1.09,A058430,12200.0
-171.0,-9.96,34.25,-13.69,A058450,843.0
3463.0,18.57,3869.62,37.66,A058470,96700.0
-357.0,-0.89,-10.88,8.27,A058530,289.0
356.0,19.89,1072.92,3.27,A058610,6050.0
406.0,8.47,327.87,19.26,A058630,4075.0
7705.0,10.2,9736.42,1.82,A058650,70300.0
123.0,56.65,1474.23,1.42,A058730,5450.0
24.0,175.07,158.2,4.44,A058820,4075.0
174.0,12.98,576.94,1.2,A058850,1900.0
264.0,8.7,911.3,3.05,A058860,2045.0
254.0,22.7,646.71,16.19,A059090,8800.0
-176.0,-30.72,713.48,-5.32,A059100,4730.0
356.0,21.47,1245.41,9.61,A059120,6790.0
140.0,19.86,362.53,9.69,A059210,2520.0
441.0,18.88,970.34,16.1,A060150,8560.0
-14.0,-92.76,126.25,6.86,A060230,1880.0
67.0,75.69,557.63,-10.29,A060240,4480.0
1069.0,20.77,1222.1,6.83,A060250,52700.0
65.0,18.7,71.03,2.64,A060260,1220.0
-777.0,-6.11,164.23,-12.55,A060280,7110.0
-2039.0,-0.3,-45.53,-342.09,A060300,610.0
22.0,213.13,376.32,1.79,A060370,4310.0
195.0,15.13,951.94,1.31,A060380,2720.0
-9.0,-635.0,753.71,-0.55,A060480,3745.0
355.0,6.27,546.7,7.13,A060540,1825.0
-23.0,-58.77,93.48,0.96,A060560,1145.0
-858.0,-6.96,319.34,-13.58,A060570,5110.0
-711.0,-8.57,700.12,-2.95,A060590,8180.0
-542.0,-42.34,1599.35,3.43,A060720,20800.0
-106.0,-9.79,90.75,-50.41,A060900,988.0
3918.0,11.72,1647.92,9.45,A060980,31750.0
-88.0,-90.79,1170.5,4.62,A061040,6540.0
221.0,29.6,1355.75,3.77,A061250,8890.0
744.0,10.48,583.8,12.92,A061970,7290.0
139.0,35.97,1540.67,0.6,A062860,5230.0
92.0,28.69,166.43,5.15,A062970,9490.0
2057.0,14.7,7685.07,-14.23,A063080,27200.0
2236.0,13.2,1127.67,11.24,A063160,30700.0
-395.0,-14.54,773.1,-10.26,A063170,4400.0
-67.0,-30.16,111.79,1.15,A063440,1735.0
132.0,58.94,1053.01,5.67,A063570,6880.0
830.0,14.4,2927.45,8.33,A063760,9100.0
-706.0,-1.3,-12.11,-68.58,A064090,491.0
-309.0,-15.08,330.48,-16.88,A064240,3635.0
418.0,7.58,637.86,5.7,A064260,3885.0
434.0,11.3,270.13,11.61,A064290,9310.0
-4168.0,-3.74,59.32,-11.38,A064350,15750.0
-266.0,-11.47,547.53,-11.05,A064480,3180.0
-2978.0,-6.66,187.47,-57.77,A064510,2695.0
-359914.0,-0.1,-68.31,-24.59,A064520,1210.0
-349.0,-19.45,85.23,-23.48,A064550,11800.0
4011.0,16.43,3676.58,34.53,A064760,83500.0
52.0,29.47,1742.19,6.18,A064800,1145.0
260.0,8.34,1065.5,4.71,A064820,3020.0
166.0,258.23,914.34,9.14,A064960,40000.0
-240.0,-5.09,94.39,-4.87,A065060,1295.0
2259.0,4.45,2566.75,5.41,A065130,8900.0
10.0,131.29,75.92,-2.24,A065150,1315.0
-191.0,-7.43,65.58,-4.73,A065170,2085.0
252.0,13.89,990.5,2.28,A065350,3080.0
784.0,16.65,544.47,14.77,A065370,15550.0
-174.0,-3.67,105.36,4.28,A065420,639.0
20.0,75.55,170.73,1.97,A065440,1500.0
80.0,42.49,683.89,5.33,A065450,4480.0
-34.0,-11.58,-10.72,-3.33,A065500,299.0
663.0,12.57,1473.45,13.32,A065510,7360.0
39.0,83.73,211.46,4.02,A065530,5470.0
-599.0,-9.18,787.19,13.97,A065560,5500.0
-476.0,-7.69,-129.1,-242.89,A065620,3190.0
-60.0,-77.78,31.58,-12.41,A065650,3910.0
-457.0,-93.87,1617.89,-70.11,A065660,63400.0
1187.0,7.08,4226.87,8.31,A065680,15900.0
-255.0,-11.12,1167.81,-4.1,A065690,2260.0
2973.0,7.87,2807.67,18.87,A065710,19800.0
-28.0,-100.55,162.11,-2.85,A065770,2360.0
-717.0,-2.28,-55.76,-39.88,A065940,1635.0
-203.0,-18.01,254.78,0.72,A065950,6750.0
185.0,40.45,1229.68,2.22,A066130,7200.0
133.0,101.21,1224.54,1.84,A066310,16500.0
-703.0,-3.87,389.13,-4.79,A066360,2580.0
-134.0,-14.62,214.64,4.73,A066410,1685.0
-2039.0,-4.1,100.47,-2.01,A066430,1860.0
173.0,416.75,1634.72,3.91,A066570,59300.0
11.0,269.67,432.16,1.14,A066590,4045.0
2126.0,8.02,3348.0,4.3,A066620,15700.0
289.0,12.96,1595.59,15.07,A066670,3690.0
1410.0,5.94,720.88,2.68,A066700,11500.0
-2.0,-215.95,-40.93,1.95,A066790,423.0
44.0,81.74,944.66,0.3,A066900,2690.0
-77.0,-20.01,83.56,-2.82,A066910,1860.0
-363.0,-60.44,927.89,-2.45,A066970,23600.0
5.0,129.63,38.06,8.25,A066980,707.0
-109.0,-74.02,634.05,8.29,A067000,12300.0
578.0,22.13,836.46,5.43,A067080,10900.0
2990.0,23.04,2233.05,21.88,A067160,58900.0
694.0,16.85,1847.75,3.21,A067170,12450.0
3143.0,11.03,5990.88,8.39,A067280,32000.0
35.0,140.29,56.09,1.12,A067290,5100.0
-95.0,-58.67,849.87,9.08,A067310,5220.0
-33.0,-247.69,1354.18,9.89,A067390,4735.0
336.0,8.25,803.07,3.26,A067570,2420.0
-171.0,-162.62,1207.36,-3.93,A067630,18500.0
-106.0,-32.4,217.84,1.3,A067730,3150.0
-251.0,-12.21,772.23,-1.19,A067770,2555.0
542.0,6.01,969.89,18.55,A067830,2400.0
1012.0,10.32,1382.01,26.52,A067900,11850.0
187.0,23.41,884.48,2.24,A067920,4480.0
2039.0,3.77,1508.59,6.86,A067990,7400.0
82.0,63.18,473.44,2.67,A068050,4030.0
160.0,99.09,1331.95,4.71,A068240,15800.0
2211.0,81.86,2181.03,33.5,A068270,213500.0
487.0,52.05,1708.88,2.38,A068290,20950.0
105.0,20.05,867.91,26.56,A068330,2280.0
735.0,16.06,2444.97,6.48,A068400,10150.0
240.0,165.55,1534.97,8.49,A068760,91700.0
749.0,7.31,1317.81,11.58,A068790,5300.0
662.0,11.77,710.61,15.0,A068930,7240.0
0.0,8179.24,170.16,-0.65,A068940,3230.0
1207.0,13.51,2191.13,29.42,A069080,18350.0
-239.0,-26.46,837.03,0.51,A069110,5290.0
-661.0,-7.24,775.62,-2.48,A069140,4770.0
1721.0,12.29,1634.85,16.12,A069260,16900.0
-1126.0,-1.63,218.65,-20.94,A069330,1055.0
295.0,31.74,1165.8,4.62,A069410,10600.0
-129.0,-21.82,-20.45,-0.81,A069460,2630.0
1576.0,7.39,3066.36,5.17,A069510,8740.0
1899.0,72.4,1871.55,4.01,A069620,102500.0
-3391.0,-1.33,1697.28,-7.77,A069640,3035.0
469.0,9.7,1862.62,2.72,A069730,3970.0
-632.0,-6.94,303.63,-13.12,A069920,3990.0
8296.0,10.02,3641.09,13.29,A069960,64000.0
175.0,37.4,529.99,3.65,A070300,6860.0
-64.0,-46.84,246.89,-1.72,A070590,3470.0
-287.0,-20.93,64.36,-3.19,A070960,4660.0
16.0,1214.37,1171.12,0.52,A071090,17000.0
297.0,19.42,580.46,9.52,A071200,7400.0
78.0,68.89,778.95,5.34,A071280,5070.0
-2209.0,-21.41,2547.22,1.78,A071320,39150.0
130.0,22.81,357.32,2.75,A071460,3175.0
144.0,51.35,1299.99,1.22,A071670,8110.0
-4232.0,-7.3,1528.36,2.73,A071840,27500.0
-346.0,-7.65,1402.3,-1.01,A071850,2580.0
70.0,18.41,62.77,2.73,A071950,1210.0
-1240.0,-2.46,487.19,-4.21,A071970,2260.0
186.0,96.69,1634.86,8.24,A072020,16250.0
-377.0,-13.71,663.34,-8.84,A072130,3510.0
10.0,314.95,1274.38,1.96,A072470,6240.0
-661.0,-2.92,202.57,-75.02,A072520,2090.0
7887.0,9.95,3888.35,7.69,A072710,76300.0
-62.0,-21.58,26.97,2.49,A072770,1680.0
1064.0,11.14,4597.93,1.65,A072870,10700.0
319.0,17.1,1628.62,4.05,A072950,5280.0
886.0,11.28,1360.08,15.21,A072990,10550.0
45.0,38.7,13.91,6.25,A073010,1340.0
-646.0,-2.64,329.56,-17.3,A073070,526.0
1249.0,14.01,3068.93,5.79,A073110,10100.0
-238.0,-10.4,427.24,-7.76,A073190,2260.0
-151.0,-27.76,-10.36,2.42,A073240,2945.0
2190.0,15.16,2628.23,15.85,A073490,49650.0
-149.0,-36.65,447.71,-4.4,A073540,4530.0
61.0,33.25,479.32,4.51,A073560,2465.0
20.0,95.83,517.71,3.67,A073570,1370.0
-45.0,-26.34,382.23,-18.18,A073640,2070.0
-14.0,-142.98,493.8,-4.01,A074430,1650.0
99.0,157.36,1542.01,10.4,A074600,14050.0
-1088.0,-7.16,135.63,-38.15,A074610,5440.0
264.0,17.25,1581.12,11.67,A075130,4830.0
-433.0,-11.65,2149.76,-2.5,A075180,3525.0
62.0,74.33,617.63,3.16,A075580,3520.0
121.0,20.13,308.72,3.57,A075970,2350.0
-101.0,-19.23,585.66,-2.13,A076080,1765.0
-420.0,-5.46,274.74,0.24,A076610,1665.0
495.0,15.46,6661.88,7.89,A077360,7490.0
935.0,7.14,1470.37,2.05,A077500,6240.0
737.0,9.2,18.63,4.92,A077970,6430.0
441.0,30.13,2781.37,8.05,A078000,12750.0
374.0,53.82,3304.68,12.17,A078070,35350.0
-321.0,-18.65,257.91,0.86,A078130,6070.0
517.0,13.3,1357.79,10.57,A078140,8990.0
40.0,74.55,333.38,3.6,A078150,2340.0
-904.0,-38.71,1045.49,-17.6,A078160,28200.0
8693.0,12.37,15199.88,26.84,A078340,106000.0
-1278.0,-4.54,512.68,-11.68,A078350,5270.0
-413.0,-24.85,2217.34,0.43,A078520,9200.0
-114.0,-13.51,92.12,2.92,A078590,3665.0
-59.0,-301.11,631.82,2.29,A078600,30100.0
-232.0,-8.09,137.64,4.79,A078650,1200.0
-207.0,-7.76,386.34,1.19,A078860,1485.0
1200.0,6.87,2076.71,4.84,A078890,6060.0
5744.0,8.98,2420.64,11.43,A078930,37700.0
-97.0,-30.74,57.8,3.54,A078940,1990.0
437.0,12.67,1991.42,2.76,A079000,4710.0
-7213.0,-4.79,994.32,6.28,A079160,23150.0
226.0,24.19,1921.17,1.52,A079170,5330.0
120.0,23.19,74.31,2.19,A079190,2780.0
1343.0,10.13,4245.36,5.62,A079370,9710.0
948.0,14.08,2145.82,1.93,A079430,14000.0
145.0,218.25,410.37,1.25,A079550,35850.0
-60.0,-59.47,3433.11,-9.31,A079650,2555.0
-750.0,-4.47,187.13,-21.75,A079810,4250.0
790.0,10.48,1018.89,16.0,A079940,14950.0
50.0,51.13,319.58,2.79,A079950,1865.0
3043.0,5.34,5430.07,6.08,A079960,13250.0
-777.0,-3.39,295.49,-26.49,A079970,1905.0
-8.0,-746.17,141.0,0.47,A079980,6900.0
225.0,12.09,584.11,13.88,A080000,3155.0
1052.0,6.77,2033.07,12.95,A080010,6860.0
95.0,192.37,1529.6,1.08,A080160,12250.0
-168.0,-24.62,406.59,3.79,A080220,3025.0
65.0,47.94,772.76,9.53,A080420,2715.0
-1086.0,-1.06,266.75,-133.05,A080440,498.0
-30.0,-268.12,956.5,-0.28,A080470,7030.0
182.0,26.75,2021.1,2.88,A080520,4240.0
-534.0,-6.73,281.8,0.09,A080530,2340.0
35.0,104.87,684.03,3.81,A080580,3785.0
1158.0,199.59,1836.37,14.21,A080720,16100.0
896.0,31.19,1307.27,8.21,A081000,27400.0
91.0,25.7,496.33,3.0,A081150,3980.0
-383.0,-7.13,1258.18,-4.27,A081580,2060.0
4365.0,12.14,1959.88,13.64,A081660,38450.0
444.0,16.68,967.2,9.34,A082210,5120.0
-2552.0,-15.11,437.6,-19.68,A082270,22700.0
-2658.0,-0.69,-33.62,-18.29,A082660,1500.0
-1258.0,-3.55,421.12,-3.24,A082740,4515.0
-334.0,-6.28,81.55,-4.39,A082800,1755.0
104.0,10.77,298.05,1.58,A082850,1100.0
932.0,14.37,1216.94,18.98,A082920,16950.0
138.0,68.97,1799.0,-0.69,A083310,10800.0
233.0,14.86,819.59,3.37,A083420,3680.0
1918.0,5.32,2077.59,13.02,A083450,18800.0
198.0,42.96,1159.64,6.33,A083500,9900.0
638.0,11.74,1576.26,5.63,A083550,21000.0
-277.0,-5.39,306.46,-7.71,A083640,1065.0
-568.0,-3.73,159.52,-5.59,A083650,1900.0
-387.0,-10.78,47.65,-8.91,A083660,4170.0
-899.0,-16.46,558.35,-75.39,A083790,12400.0
1225.0,5.07,1694.74,10.32,A083930,8210.0
1223.0,4.93,1872.42,4.11,A084010,7390.0
2325.0,15.12,7185.46,16.22,A084110,31100.0
-409.0,-4.29,74.83,-4.78,A084180,1320.0
252.0,65.56,2014.82,11.59,A084370,21450.0
94.0,55.01,513.89,3.26,A084650,27450.0
11314.0,2.41,720.05,7.1,A084670,26100.0
95.0,56.29,61.24,9.52,A084680,4545.0
1946.0,3.46,1563.24,4.38,A084690,7670.0
389.0,18.36,3020.65,4.3,A084730,6780.0
1214.0,22.51,1038.97,9.24,A084850,69900.0
-3711.0,-0.74,900.27,2.1,A084870,1810.0
-4131.0,-17.97,1716.69,-936.89,A084990,62600.0
-333.0,-3.4,164.13,-6.03,A085310,918.0
-433.0,-21.09,634.61,-7.33,A085370,5950.0
884.0,16.35,1479.96,1.09,A085660,20250.0
-455.0,-4.67,283.1,-7.76,A085670,1495.0
-1248.0,-1.61,541.09,-29.56,A085810,1390.0
123.0,30.93,845.52,7.92,A085910,3375.0
-108.0,-57.88,270.31,-0.51,A086040,8270.0
98.0,57.15,792.12,1.44,A086060,5630.0
13395.0,10.68,24779.52,4.8,A086280,113000.0
1208.0,11.88,1440.85,15.11,A086390,14450.0
6225.0,14.31,1514.59,14.22,A086450,96400.0
964.0,23.3,2391.83,6.81,A086520,24400.0
661.0,10.26,1656.99,8.58,A086670,8010.0
199.0,-494.38,1137.24,10.29,A086820,23850.0
-669.0,-9.94,189.48,-75.31,A086890,6660.0
4384.0,68.63,11287.74,12.48,A086900,169000.0
920.0,12.17,2439.22,2.85,A086960,11700.0
52.0,74.52,348.13,2.47,A086980,2740.0
-1156.0,-16.91,249.44,-705.31,A087010,16400.0
-89.0,-25.8,271.53,-1.73,A087260,3335.0
-752.0,-5.28,2246.21,-23.61,A087600,3380.0
-25788.0,-0.37,-42.94,-66.81,A087730,2720.0
1086.0,7.47,2845.48,9.77,A088130,7100.0
162.0,105.85,110.14,2.84,A088290,7150.0
-1246.0,-5.01,7417.56,-12.37,A088390,6000.0
-219.0,-16.91,1505.43,-3.75,A088790,2830.0
-247.0,-32.88,359.06,0.72,A088800,8500.0
102.0,35.03,1375.75,1.57,A088910,3880.0
1160.0,15.55,1267.87,6.52,A089010,12300.0
566.0,24.55,1802.48,13.06,A089030,17350.0
486.0,21.4,1708.95,9.24,A089140,9390.0
50.0,47.68,361.13,6.38,A089150,3170.0
-39.0,-23.24,482.62,17.65,A089230,608.0
413.0,12.13,1693.89,4.08,A089470,4320.0
-137.0,-5.19,-19.67,1.86,A089530,621.0
-1257.0,-21.33,148.4,-2.38,A089590,19000.0
2355.0,14.16,3179.46,26.12,A089600,30700.0
370.0,14.61,494.3,14.52,A089790,6400.0
805.0,8.11,2078.1,2.77,A089850,6710.0
371.0,23.56,256.22,11.69,A089890,6190.0
791.0,12.37,2375.64,34.52,A089970,9770.0
834.0,18.28,1789.96,8.0,A089980,17600.0
-152.0,-8.1,-34.86,-0.65,A090080,1345.0
210.0,16.1,688.53,3.91,A090150,2820.0
924.0,8.82,3050.7,4.5,A090350,7340.0
-463.0,-37.59,1880.92,-3.89,A090360,15400.0
-501.0,-2.61,112.14,-2.32,A090370,1370.0
37.0,34.91,2053.5,1.74,A090410,1440.0
3460.0,57.8,13322.35,7.67,A090430,163000.0
1770.0,12.4,1881.1,9.55,A090460,17450.0
107.0,129.11,1692.92,0.31,A090470,9870.0
-119.0,-9.17,70.07,-29.36,A090710,822.0
399.0,16.25,883.5,3.67,A090740,5390.0
460.0,23.93,726.46,11.43,A090850,13200.0
-93.0,-30.86,291.04,0.87,A091090,3040.0
24.0,348.25,2150.76,-2.09,A091120,8420.0
1311.0,6.46,1453.59,7.6,A091340,6640.0
522.0,6.53,512.72,10.06,A091440,4680.0
380.0,21.69,897.05,6.04,A091580,9000.0
424.0,38.0,2159.19,3.13,A091590,16650.0
1126.0,11.72,1367.0,8.38,A091700,8550.0
-920.0,-1.69,695.66,-2.37,A091810,3790.0
-713.0,-3.04,419.37,17.39,A091970,1935.0
431.0,123.04,1195.25,7.52,A091990,90800.0
5.0,5634.67,1289.39,-1.9,A092040,28350.0
207.0,45.58,1707.74,8.92,A092070,12850.0
1134.0,16.37,799.68,40.87,A092130,21350.0
476.0,43.25,754.02,7.6,A092190,21350.0
-1659.0,-1.25,575.71,-5.56,A092200,1750.0
-167.0,-6.19,151.99,-3.45,A092220,802.0
8130.0,6.69,2894.92,6.37,A092230,43900.0
152.0,22.45,902.12,3.04,A092300,2930.0
375.0,20.21,1350.07,2.49,A092460,5760.0
-330.0,-6.67,307.06,-14.75,A092600,2250.0
2438.0,19.83,2539.62,27.58,A092730,37200.0
738.0,6.53,1527.77,5.08,A092780,3985.0
-519.0,-13.12,1640.99,-13.59,A092870,8700.0
2313.0,8.0,751.83,4.73,A093050,13550.0
499.0,11.2,1598.75,11.2,A093190,4995.0
1.0,174.09,38.35,1.05,A093230,217.0
3083.0,11.82,3381.42,25.48,A093320,59700.0
87.0,93.4,352.51,5.4,A093370,7990.0
296.0,12.7,674.34,10.35,A093520,3520.0
53.0,67.76,284.82,7.92,A093640,3015.0
672.0,10.92,1626.55,5.58,A093920,7320.0
451.0,16.62,411.48,-4.0,A094170,5230.0
871.0,19.16,738.27,3.36,A094280,19850.0
225.0,14.93,431.38,10.11,A094480,3510.0
781.0,6.94,1196.0,7.86,A094820,4765.0
763.0,7.63,4323.88,7.71,A094840,5250.0
1635.0,4.1,1371.51,11.5,A094850,5550.0
-56.0,-23.63,81.23,2.29,A094860,1455.0
91.0,174.38,875.61,1.59,A094940,15550.0
57.0,67.05,547.5,2.44,A094970,3045.0
-439.0,-9.86,315.12,-13.58,A095190,3820.0
-3276.0,-6.46,127.16,-65.66,A095270,9410.0
308.0,31.7,2390.44,2.31,A095340,16600.0
36.0,109.57,1413.03,0.49,A095500,2500.0
982.0,5.06,639.52,1.48,A095570,3745.0
493.0,50.68,2225.0,6.59,A095610,22550.0
1104.0,15.36,3449.58,12.8,A095660,22000.0
-718.0,-87.05,2362.45,-394.02,A095700,75100.0
-1259.0,-2.38,630.07,3.32,A095720,2405.0
-606.0,-6.34,1157.96,0.64,A095910,4885.0
-11.0,-23.84,18.01,-8.06,A096040,169.0
1037.0,18.08,1806.23,12.94,A096240,20000.0
-37.0,-10.94,308.25,1.51,A096350,303.0
1017.0,30.15,1150.96,18.39,A096530,116900.0
-339.0,-16.1,1167.71,-1.85,A096610,4320.0
-187.0,-9.33,750.74,-5.78,A096630,1935.0
-533.0,-3.08,188.73,5.28,A096640,1285.0
349.0,21.91,178.39,-3.26,A096690,5770.0
-503.0,-12.62,382.68,0.38,A096760,5300.0
-381.0,-393.31,3828.88,2.54,A096770,118500.0
-209.0,-13.44,185.43,-19.19,A096870,2570.0
5184.0,0.96,-55.68,5.15,A097230,5820.0
4787.0,7.89,2450.79,8.92,A097520,32000.0
-65.0,-20.13,389.59,6.38,A097780,1465.0
254.0,7.92,164.5,7.99,A097800,1670.0
9312.0,27.12,6220.8,4.01,A097950,297000.0
106.0,45.95,688.26,1.95,A098120,3830.0
2159.0,48.87,3662.95,15.01,A098460,93300.0
262.0,9.05,486.42,6.29,A098660,2075.0
1705.0,15.07,2912.56,15.89,A099190,24600.0
93.0,32.19,275.9,4.55,A099220,2680.0
984.0,19.77,1712.14,13.17,A099320,23450.0
-72.0,-38.0,321.5,-5.31,A099410,4575.0
-614.0,-3.86,626.42,-10.78,A099440,2010.0
-305.0,-5.08,28.6,-9.0,A099520,2280.0
-544.0,-38.06,2109.36,21.09,A100030,18250.0
-796.0,-5.66,786.86,-5.36,A100090,4555.0
2421.0,13.01,3242.32,19.43,A100120,33450.0
167.0,15.41,841.4,4.46,A100130,4440.0
868.0,8.95,3456.11,11.0,A100220,7770.0
271.0,9.65,1020.56,5.71,A100250,2395.0
1112.0,55.14,820.09,7.58,A100590,10250.0
216.0,14.91,2095.18,25.29,A100700,3105.0
2058.0,9.62,6583.19,8.19,A100840,16400.0
-281.0,-5.49,-20.09,-3.0,A101000,1005.0
-753.0,-2.72,747.28,1.98,A101060,1875.0
397.0,7.52,244.82,-22.96,A101140,3420.0
1180.0,7.02,1009.54,19.93,A101160,8890.0
-49.0,-64.1,1205.53,-2.28,A101170,2840.0
586.0,14.26,1117.09,17.31,A101240,8530.0
1924.0,2.2,2203.05,4.9,A101330,3350.0
-501.0,-2.17,41.91,-3.66,A101390,812.0
-85.0,-4.68,53.17,-53.2,A101400,375.0
512.0,23.84,820.83,13.14,A101490,27400.0
-1192.0,-6.02,1896.74,2.1,A101530,7870.0
-35.0,-47.02,718.01,-19.97,A101670,1040.0
-146.0,-18.6,1264.41,-3.2,A101680,1865.0
-1638.0,-2.51,328.54,-35.93,A101730,5960.0
-907.0,-5.9,2814.65,2.32,A101930,3890.0
766.0,9.26,1002.46,10.98,A102120,8690.0
-182.0,-6.04,1476.92,-7.32,A102210,1100.0
124.0,42.1,549.42,6.1,A102260,4285.0
-282.0,-3.88,137.55,-10.71,A102280,957.0
354.0,45.16,2597.86,6.0,A102460,13750.0
3239.0,8.83,3648.42,12.4,A102710,27600.0
-8090.0,-2.23,1868.5,-17.87,A102940,37250.0
-5033.0,-0.18,-177.37,-142.08,A103130,52.0
629.0,37.86,875.74,1.68,A103140,19800.0
-383.0,-8.68,981.96,-6.13,A103230,2020.0
97.0,31.12,721.03,1.71,A103590,2820.0
319.0,9.94,1711.37,6.23,A103840,4880.0
39.0,34.28,1625.64,0.83,A104040,1525.0
304.0,18.57,1016.0,8.28,A104200,4835.0
1974.0,5.98,1304.16,17.11,A104460,9680.0
104.0,21.21,459.27,1.55,A104480,2315.0
240.0,23.5,423.01,8.16,A104540,7940.0
2609.0,-44.02,1715.18,16.44,A104620,13900.0
414.0,11.41,1473.45,1.7,A104700,4400.0
2229.0,13.61,4773.43,16.32,A104830,23650.0
-1111.0,-3.99,1118.09,-3.62,A105330,9040.0
-280.0,-21.58,347.7,-10.93,A105550,5020.0
-6.0,-2776.24,2027.16,3.07,A105630,13300.0
1027.0,9.34,2099.09,13.23,A105740,7620.0
-620.0,-6.77,744.94,-2.21,A105840,3485.0
-2642.0,-0.3,-0.91,-43.93,A106080,3330.0
-595.0,-18.99,2681.41,-7.17,A106190,10100.0
8.0,526.12,161.19,5.15,A106240,3910.0
-53.0,-14.43,55.84,-2.11,A106520,655.0
6591.0,6.24,11081.13,4.12,A107590,44250.0
99.0,100.45,1874.08,-3.93,A108230,23100.0
2370.0,16.8,5711.99,5.45,A108320,36950.0
1306.0,10.64,4094.7,8.4,A108380,11150.0
241.0,56.01,989.68,7.21,A108490,13350.0
1156.0,47.3,1800.1,2.16,A108670,68200.0
50.0,101.3,843.09,3.19,A108790,4560.0
-321.0,-11.78,-41.77,-17.44,A108860,3410.0
-5557.0,-4.27,-74.43,-12.79,A109070,4100.0
503.0,15.47,1385.14,11.0,A109080,7310.0
-646.0,-6.87,679.48,-2.21,A109610,4045.0
306.0,29.75,1038.32,7.16,A109740,6850.0
-66.0,-32.04,65.4,-46.62,A109820,14850.0
2226.0,5.62,3578.97,14.49,A109860,10650.0
-38.0,-21.96,136.12,-3.5,A109960,915.0
-805.0,-21.44,107.82,-218.42,A110020,4890.0
3233.0,8.94,1655.2,16.91,A110790,21500.0
451.0,12.14,8636.08,7.54,A110990,7500.0
327.0,44.41,3108.62,6.24,A111110,10500.0
236.0,95.92,3115.17,27.76,A111710,13200.0
3753.0,9.13,6954.16,9.95,A111770,30650.0
-274.0,-9.97,293.53,-7.07,A111870,1685.0
-595.0,-49.79,2976.87,-8.21,A112040,31300.0
-203.0,-8.95,260.76,-21.37,A112240,1815.0
1846.0,20.59,4395.39,7.52,A112610,41800.0
-91.0,-6.46,19.95,-2.93,A113810,484.0
1170.0,16.62,1792.06,19.73,A114090,14900.0
-698.0,-1.32,-42.44,-44.78,A114120,397.0
80.0,77.4,704.64,1.57,A114450,6320.0
-8062.0,-0.4,-11.23,-515.08,A114570,620.0
-36.0,-109.98,836.26,-0.31,A114630,3150.0
-247.0,-25.96,1734.84,0.76,A114810,6750.0
820.0,6.34,3492.49,1.95,A115160,3185.0
2817.0,7.61,6930.76,49.4,A115310,18950.0
302.0,47.33,2549.78,5.0,A115390,12200.0
283.0,37.45,1494.6,3.83,A115440,10600.0
-667.0,-46.93,397.83,-14.98,A115450,25700.0
-178.0,-15.6,453.42,3.02,A115480,2585.0
236.0,19.09,236.53,8.69,A115500,4890.0
-14.0,-57.98,118.6,-5.79,A115530,839.0
-1064.0,-7.0,1994.19,0.9,A115570,6280.0
1355.0,17.23,3285.68,7.63,A115960,18250.0
474.0,11.06,1016.85,3.13,A117580,4785.0
-822.0,-8.29,567.42,-5.04,A117670,4985.0
1129.0,-18.22,1100.12,8.48,A117730,8670.0
-195.0,-18.27,102.6,-0.15,A118000,2660.0
-1213.0,-1.92,3614.9,0.72,A118990,3610.0
186.0,15.76,643.99,4.17,A119500,2825.0
1503.0,17.63,2327.77,24.43,A119610,23750.0
149.0,46.11,1047.79,2.83,A119650,6600.0
-1108.0,-6.43,951.44,5.07,A119830,6530.0
411.0,10.92,895.58,5.38,A119850,4775.0
1804.0,13.22,1600.36,17.08,A119860,26400.0
10187.0,8.11,19766.64,22.05,A120030,77900.0
1092.0,45.55,1341.62,3.92,A120110,33200.0
855.0,17.49,2829.79,13.02,A120240,13800.0
-751.0,-4.72,2021.56,-1.58,A121440,4665.0
530.0,31.54,1643.92,10.52,A121600,16700.0
-258.0,-29.97,1376.97,-9.78,A121800,6830.0
-3.0,-500.82,175.56,-5.25,A121850,1450.0
975.0,9.38,2395.14,22.53,A122310,9780.0
54.0,40.23,3695.11,1.92,A122350,1925.0
668.0,8.05,1851.94,17.4,A122450,6890.0
-2276.0,-6.06,779.09,-41.02,A122640,7670.0
-1118.0,-24.47,3511.33,0.77,A122870,29600.0
447.0,23.27,2160.62,1.78,A122900,10700.0
1202.0,12.56,2375.27,10.79,A122990,11050.0
-280.0,-4.45,137.24,-105.72,A123010,1635.0
551.0,10.93,578.47,5.24,A123040,5940.0
-1708.0,-2.88,787.95,-9.62,A123330,3980.0
206.0,14.29,4525.35,1.86,A123410,2530.0
310.0,66.55,2984.22,3.27,A123420,25300.0
323.0,10.96,398.42,21.02,A123570,3650.0
-1072.0,-10.12,317.68,-13.26,A123690,14050.0
438.0,8.77,2292.75,4.09,A123700,2875.0
-959.0,-1.3,159.99,-34.05,A123750,2915.0
-525.0,-1.85,1670.62,-31.95,A123840,615.0
-2193.0,-13.38,919.27,-38.82,A123860,22450.0
21.0,331.34,269.46,1.56,A124500,5630.0
491.0,6.49,1477.54,4.79,A124560,4450.0
-301.0,22.6,-107.53,-3.68,A125210,13150.0
335.0,10.18,1281.96,13.93,A126560,4450.0
424.0,8.78,926.07,5.0,A126600,3300.0
95.0,13.48,2151.63,1.73,A126640,1100.0
562.0,22.26,1726.09,2.72,A126700,9570.0
-1129.0,-3.6,472.66,-8.07,A126870,2580.0
355.0,13.57,732.84,7.67,A126880,4990.0
-1148.0,-3.22,43.29,-37.53,A127120,5630.0
-243.0,-3.29,798.92,-11.48,A127160,716.0
146.0,13.46,754.94,8.54,A127710,1545.0
177.0,40.12,4648.82,4.09,A128540,2435.0
85.0,31.94,226.8,3.09,A128660,2040.0
-1390.0,-2.52,489.92,-1.11,A128820,2975.0
4400.0,67.39,2542.54,9.33,A128940,237000.0
-902.0,-2.46,1029.3,1.35,A129260,1680.0
204.0,15.1,637.96,2.42,A130500,3710.0
686.0,12.04,633.32,16.55,A130580,10550.0
531.0,6.6,423.61,6.87,A130660,3390.0
-223.0,-11.13,977.03,0.63,A130740,2075.0
881.0,8.77,1214.02,25.13,A131030,7480.0
128.0,11.39,821.42,24.2,A131090,2080.0
72.0,24.98,1920.18,2.01,A131180,1525.0
165.0,30.93,626.1,3.99,A131220,6050.0
1462.0,9.44,3015.78,10.79,A131290,18250.0
162.0,16.45,1110.36,20.36,A131370,6620.0
1096.0,9.9,999.25,12.07,A131390,16150.0
-77.0,-58.41,235.78,1.88,A131400,7490.0
3.0,686.27,201.13,4.56,A131760,1625.0
3079.0,16.56,3974.58,24.98,A131970,67100.0
18.0,177.22,408.46,-1.05,A133750,4370.0
-254.0,-9.96,479.8,-2.1,A133820,2225.0
359.0,17.65,712.85,8.94,A134060,6540.0
6166.0,7.23,4614.07,10.01,A134380,49700.0
-385.0,-6.06,318.54,-13.8,A134580,1850.0
3907.0,11.32,3477.58,4.48,A134790,42150.0
-459.0,-6.15,503.36,-5.39,A136480,3090.0
899.0,10.45,2604.89,3.96,A136490,9960.0
-1060.0,-6.93,968.55,-45.56,A136510,9310.0
1207.0,11.01,1949.89,18.75,A136540,16700.0
-113.0,-63.76,791.49,0.46,A137400,12100.0
-77.0,-20.82,910.47,4.19,A137940,1295.0
540.0,11.11,756.36,6.41,A137950,5260.0
271.0,19.99,1537.89,5.77,A138070,4385.0
4642.0,10.65,2484.86,27.71,A138080,43050.0
-226.0,-41.73,2534.71,5.77,A138250,9550.0
143.0,31.33,420.0,3.12,A138490,3855.0
462.0,30.62,680.96,39.52,A138580,14300.0
-316.0,-35.13,453.45,-10.34,A138610,11150.0
-288.0,-3.06,93.92,-1.82,A139050,661.0
8391.0,15.2,5044.76,0.79,A139480,113500.0
5.0,1480.27,327.0,1.64,A139670,8420.0
43.0,55.93,3335.8,2.46,A140070,2200.0
-2681.0,-71.35,818.11,-130.26,A140410,180300.0
-35.0,-69.76,834.29,2.08,A140520,2180.0
16.0,557.3,768.5,0.18,A140670,8430.0
1277.0,31.75,1224.44,15.46,A140860,50400.0
396.0,27.38,2112.12,7.58,A141000,8860.0
-538.0,-0.94,-25.94,-44.97,A141020,108.0
-379.0,-3.57,80.9,-22.82,A141070,1235.0
1132.0,46.66,1771.63,14.64,A141080,51500.0
291.0,23.29,757.73,3.6,A142210,5930.0
-1311.0,-4.0,373.84,-4.72,A142280,9710.0
-1622.0,-4.33,214.86,-16.99,A142760,7610.0
178.0,143.18,2778.09,2.95,A143160,27700.0
314.0,21.78,2942.85,3.03,A143210,6200.0
2188.0,14.17,1918.41,29.17,A143240,25700.0
-77.0,-32.98,12.74,11.46,A143540,1810.0
-216.0,-175.75,742.13,-5.62,A144510,46650.0
-722.0,-2.27,2.77,-6.78,A144620,1735.0
133.0,31.85,3235.78,6.07,A144960,3970.0
9516.0,41.79,49764.05,33.28,A145020,369300.0
-187.0,-15.97,96.88,-10.57,A145210,1745.0
1336.0,40.28,3579.39,17.68,A145720,40850.0
3173.0,15.95,2066.81,3.89,A145990,43100.0
-429.0,-11.99,660.28,-7.54,A147760,4400.0
254.0,23.18,1037.1,5.48,A147830,4975.0
-8.0,-604.07,693.2,2.32,A148140,15150.0
3408.0,10.23,3512.39,15.04,A148150,27950.0
135.0,78.69,800.05,13.55,A148250,17500.0
464.0,16.58,1734.68,7.2,A149950,7300.0
206.0,27.18,3691.28,12.98,A149980,4790.0
-943.0,-3.41,63.05,-59.91,A150840,2305.0
-408.0,-9.01,267.89,-8.41,A150900,4070.0
2716.0,1.22,1124.4,9.87,A151860,4150.0
-148.0,-28.12,160.82,-28.13,A151910,4155.0
1651.0,9.78,260.87,12.62,A152330,13150.0
-57.0,-74.33,660.86,-3.92,A153460,5260.0
97.0,11.09,150.7,2.67,A153490,1040.0
-48.0,-197.73,366.89,-4.99,A153710,12400.0
-207.0,-14.47,904.37,2.41,A154040,2400.0
-81.0,-87.23,741.6,-3.54,A155650,11900.0
546.0,8.4,1820.15,4.51,A155660,3955.0
-892.0,-7.86,443.66,-37.71,A156100,5450.0
-750.0,-3.27,392.79,-48.94,A158310,505.0
166.0,-9.67,445.67,0.65,A158430,33350.0
466.0,22.45,658.3,5.26,A159580,8000.0
-53.0,-6.15,169.04,-34.93,A159910,428.0
-308.0,-12.87,702.68,-5.46,A160550,4060.0
-1535.0,-1.12,29.13,-32.03,A160600,310.0
401.0,27.44,1964.05,2.37,A160980,12900.0
952.0,8.61,2196.62,4.61,A161000,6940.0
3387.0,9.91,11812.77,7.9,A161390,23450.0
-921.0,-11.34,587.54,-10.63,A161580,10900.0
1284.0,36.78,4022.61,7.65,A161890,43300.0
606.0,9.09,2798.7,5.52,A163560,8930.0
1409.0,13.45,1390.93,26.41,A166090,17700.0
-329.0,-27.52,630.36,-20.95,A166480,16400.0
-649.0,-5.54,159.63,-169.13,A168330,2525.0
267.0,11.34,1280.46,2.01,A170030,4920.0
820.0,9.99,1115.04,11.82,A170790,13000.0
8398.0,14.17,1065.43,9.24,A170900,86800.0
101.0,125.0,2365.46,4.03,A170920,8590.0
273.0,28.06,440.35,10.35,A171010,6330.0
794.0,9.91,1934.16,13.04,A171090,7070.0
567.0,13.68,1165.47,7.39,A171120,8200.0
-2950.0,-2.18,791.95,2.94,A173130,6790.0
-485.0,-17.38,822.42,-5.87,A173940,5720.0
-162.0,-17.05,2012.23,-4.12,A174880,1845.0
356.0,112.74,834.48,29.8,A174900,48100.0
-2918.0,-3.68,510.19,-15.68,A175140,7090.0
-1426.0,-26.25,2658.86,-26.32,A175250,28350.0
-25.0,-86.29,618.64,0.83,A176440,1920.0
-987.0,-4.35,319.61,-17.36,A177350,2965.0
-1142.0,-4.75,763.83,-4.83,A177830,4525.0
2688.0,10.72,2728.83,13.86,A178320,27000.0
-144.0,-17.11,80.36,-20.76,A178780,1900.0
603.0,58.01,2143.26,15.02,A178920,31500.0
16.0,34.88,192.86,17.09,A179290,3875.0
310.0,59.68,693.77,10.04,A179900,16350.0
-4070.0,-9.83,373.51,-0.32,A180640,86300.0
-251.0,-19.25,927.66,-3.93,A181340,3560.0
631.0,105.91,16742.29,5.82,A181710,87300.0
37.0,110.7,553.8,3.22,A182360,4055.0
-401.0,-26.92,587.1,-275.29,A182400,13500.0
-348.0,-8.15,15.49,-33.88,A182690,3835.0
7157.0,10.62,4002.51,9.66,A183190,59500.0
2515.0,11.09,2525.69,19.9,A183300,32400.0
-2096.0,-33.58,1722.72,-52.12,A183490,74500.0
-697.0,-1.66,469.55,-18.84,A184230,1100.0
-756.0,-15.27,158.99,-220.35,A185490,8090.0
4950.0,19.6,1766.62,6.91,A185750,94400.0
586.0,19.1,1346.02,10.4,A186230,14350.0
-345.0,-20.95,1438.94,0.48,A187220,6110.0
-196.0,-13.65,892.17,-1.65,A187270,2505.0
-264.0,-21.61,409.89,-19.26,A187420,5810.0
18.0,111.77,298.4,-1.18,A187790,1575.0
661.0,18.61,1780.12,10.22,A187870,14900.0
1087.0,32.99,2251.61,6.97,A189300,24450.0
138.0,27.44,678.73,1.76,A189860,3515.0
75.0,12.32,1798.35,8.92,A189980,1680.0
-55.0,-434.79,2178.01,0.74,A190510,15850.0
-666.0,-3.52,563.69,-14.86,A191410,3635.0
106.0,221.48,1078.12,5.45,A191420,17300.0
6040.0,8.25,7201.94,30.09,A192080,67000.0
56.0,19.83,741.03,14.55,A192250,1420.0
-652.0,-5.61,930.85,-6.28,A192390,2920.0
11168.0,9.4,37819.94,14.1,A192400,86500.0
47.0,8.67,129.86,11.64,A192410,408.0
6489.0,7.86,9374.64,14.29,A192440,65700.0
501.0,16.11,4232.08,5.97,A192650,6510.0
3167.0,25.23,6836.86,4.06,A192820,88400.0
-122.0,-14.18,1253.47,5.08,A193250,1570.0
615.0,20.39,12232.05,4.39,A194370,7480.0
-1188.0,-6.14,2417.44,-59.01,A194480,8750.0
1634.0,14.37,1939.6,10.25,A194700,32150.0
183.0,24.34,382.8,2.65,A195500,9740.0
1078.0,14.65,145.34,7.09,A195870,15850.0
-273.0,-2.95,46.22,-93.69,A195990,743.0
-51.0,-1312.96,894.63,-7.7,A196170,241700.0
-1325.0,-7.62,472.1,-67.87,A196300,8720.0
46.0,16.89,152.95,3.33,A196450,478.0
-391.0,-3.87,129.78,0.6,A196490,1370.0
-16.0,-114.93,468.97,1.33,A196700,1600.0
174.0,22.24,594.65,2.85,A197140,3355.0
106.0,28.95,1991.69,-0.65,A198440,3560.0
1844.0,15.05,1610.23,16.88,A200130,40400.0
-635.0,-7.65,1221.54,5.29,A200230,4410.0
239.0,26.15,591.78,17.44,A200470,5960.0
1045.0,22.15,2719.33,16.89,A200670,21600.0
864.0,21.57,1144.51,5.38,A200710,30300.0
685.0,21.08,5818.07,12.7,A200780,19700.0
-1721.0,-2.87,4347.27,1.11,A200880,3600.0
356.0,16.14,409.11,33.97,A201490,6080.0
279.0,9.97,425.21,8.5,A203450,2750.0
64.0,43.0,1211.01,6.15,A203650,3710.0
-70.0,-49.92,576.72,-31.91,A203690,4010.0
282.0,31.23,1251.46,6.75,A204020,2695.0
110.0,6.15,588.92,4.99,A204270,12300.0
2354.0,14.96,2888.54,3.65,A204320,26650.0
156.0,23.94,391.35,11.59,A204620,2840.0
-187.0,-13.69,1266.51,-21.23,A204630,4820.0
-145.0,-7.59,-37.08,-29.52,A204840,923.0
-1579.0,-0.67,-68.71,-1056.86,A204990,1225.0
140.0,20.22,1667.05,18.33,A205100,3465.0
-44.0,-31.81,443.19,-9.56,A205470,3505.0
-327.0,-3.96,-15.13,-140.94,A205500,1400.0
26.0,27.93,324.37,17.11,A206400,1145.0
-313.0,-24.61,379.59,-9.66,A206560,5470.0
497.0,19.43,243.5,20.63,A206640,22050.0
-32.0,-244.82,157.88,29.66,A206650,6900.0
491.0,14.85,1699.15,21.7,A207760,7850.0
3067.0,141.2,2539.07,13.08,A207940,622000.0
43.0,59.14,2295.71,2.51,A208140,2305.0
-675.0,-68.27,73.88,-226.59,A208340,33200.0
318.0,18.58,936.35,5.67,A208350,5910.0
-224.0,-13.87,92.74,-15.1,A208370,2610.0
-149.0,-3.79,83.49,-363.99,A208640,750.0
218.0,8.54,1922.27,7.79,A208710,1660.0
-847.0,-5.72,85.34,-55.38,A208860,5920.0
1728.0,5.84,2938.28,7.55,A210540,8900.0
2365.0,12.31,1766.65,18.09,A210980,25950.0
48.0,147.9,1104.48,15.6,A211270,7270.0
317.0,14.3,1877.63,0.67,A212560,4130.0
528.0,15.54,1839.92,10.25,A213090,8400.0
798.0,32.96,3224.26,21.21,A213420,31850.0
1681.0,8.59,368.9,5.51,A213500,14450.0
534.0,26.49,1265.99,51.41,A214150,16500.0
1329.0,11.25,1863.31,21.8,A214180,14650.0
-570.0,82.04,494.12,-37.94,A214260,23600.0
36.0,31.8,473.63,5.32,A214270,1160.0
-1625.0,-1.58,233.84,-17.1,A214310,890.0
3681.0,19.26,7879.52,9.56,A214320,51700.0
-3.0,-1700.54,1289.73,1.62,A214330,4250.0
221.0,37.36,1149.29,3.23,A214390,8040.0
-308.0,-33.92,2781.66,-0.16,A214420,10300.0
25.0,865.37,1912.83,-4.62,A214430,22950.0
1680.0,21.66,4383.88,22.73,A214450,52600.0
20.0,89.02,659.51,2.92,A214680,1635.0
-127.0,-88.37,442.2,-0.11,A214870,14500.0
2584.0,26.67,6247.03,13.08,A215000,74700.0
-86.0,-5.62,953.97,4.0,A215090,1100.0
61.0,74.35,1348.04,0.84,A215100,5770.0
3984.0,10.42,21312.33,13.64,A215200,39150.0
802.0,25.42,1955.76,4.43,A215360,18600.0
28.0,191.6,439.03,1.99,A215380,7760.0
4.0,357.91,460.56,3.96,A215480,1170.0
-1600.0,-9.09,26.6,-645.0,A215600,12100.0
-1065.0,-1.61,286.84,-40.3,A215790,1940.0
1157.0,21.74,1897.32,35.43,A216050,28700.0
-2473.0,57.87,-493.3,-40.61,A216080,32350.0
368.0,8.26,242.09,8.17,A217190,2880.0
-796.0,-8.44,484.58,-56.1,A217270,6270.0
-571.0,-17.08,685.25,-212.97,A217330,11400.0
-930.0,-5.32,724.41,-10.56,A217480,4745.0
1.0,14.85,1004.99,18.2,A217500,2025.0
30.0,45.99,594.0,9.03,A217600,1265.0
38.0,51.84,842.85,2.79,A217620,1495.0
-1101.0,-7.4,478.02,-385.6,A217730,9030.0
439.0,11.5,557.56,8.54,A217820,7850.0
55.0,52.4,1529.85,2.93,A218150,4005.0
857.0,43.01,1563.2,16.64,A218410,36050.0
255.0,21.45,1282.9,4.17,A219130,6220.0
65.0,118.42,3050.75,9.04,A219420,7240.0
-51.0,-17.97,540.58,-3.66,A219550,779.0
-418.0,-8.36,168.82,-15.16,A219750,3955.0
-934.0,-14.83,283.51,-65.72,A220100,11800.0
-705.0,-2.89,471.67,-10.1,A220180,3460.0
11.0,279.68,1590.56,5.9,A220260,2970.0
148.0,18.87,760.23,6.57,A220630,2875.0
7.0,54.35,1197.45,0.96,A221610,488.0
208.0,23.7,833.68,5.2,A221840,3930.0
1857.0,6.62,3780.22,13.16,A221980,11500.0
-861.0,-7.63,614.62,-5.1,A222040,5600.0
209.0,12.57,827.14,15.31,A222080,5400.0
-927.0,-8.38,278.03,-276.89,A222110,7250.0
-54.0,-37.63,767.81,-0.4,A222420,2300.0
-1483.0,-7.95,1261.4,-1.79,A222800,11350.0
-106.0,-85.14,522.97,4.9,A222980,6380.0
-21.0,-8.11,113.37,0.81,A223310,166.0
42.0,12.5,347.73,-38.66,A224060,389.0
475.0,18.9,1684.23,4.03,A224110,9740.0
1347.0,9.47,662.4,24.73,A225190,9940.0
328.0,16.14,305.03,11.63,A225330,5410.0
-620.0,-64.93,1134.39,9.08,A225430,3390.0
175.0,29.06,278.45,14.92,A225530,4605.0
-698.0,-10.78,159.93,-60.04,A225570,7050.0
49.0,8.16,1261.82,6.73,A225590,1120.0
-215.0,-89.69,3669.89,5.35,A226320,14050.0
-699.0,-7.1,-323.24,-8877.29,A226330,10650.0
11.0,22.74,781.77,11.74,A226340,2905.0
-176.0,-21.14,1328.02,11.42,A226360,3030.0
59.0,54.02,575.64,4.3,A226400,3460.0
-73.0,150.27,470.85,4.14,A226440,1235.0
-1334.0,-19.23,1565.82,-2726.47,A226950,37700.0
163.0,-6.5,1053.15,1.49,A227100,7600.0
-1858.0,-3.96,630.17,-38.18,A227610,5040.0
1129.0,10.58,361.75,5.05,A227840,9990.0
-762.0,-4.09,1122.21,-10.33,A228340,2555.0
960.0,19.42,835.52,11.74,A228670,49500.0
-533.0,-43.96,982.39,-3660.22,A228760,16850.0
885.0,14.97,2433.49,18.1,A228850,11750.0
523.0,15.33,838.77,4.99,A229640,6990.0
81.0,22.8,1190.65,1.43,A230240,36600.0
1949.0,16.52,6251.12,33.98,A230360,38100.0
-901.0,-6.48,674.07,-10.02,A230980,5130.0
-177.0,-18.88,1469.88,-23.57,A232140,3610.0
1385.0,14.29,209.74,17.48,A234080,17600.0
69.0,41.23,1517.15,7.8,A234100,2900.0
-786.0,-8.47,444.85,-3.16,A234300,5930.0
1438.0,21.34,1208.24,23.04,A234340,34000.0
312.0,26.37,278.13,11.57,A234690,10200.0
-2211.0,-2.6,702.93,-52.38,A234920,3550.0
3643.0,9.29,3720.58,34.06,A236200,36400.0
-993.0,-30.0,3134.88,-28.63,A237690,36900.0
428.0,12.95,1754.82,10.63,A237750,6860.0
173.0,126.58,1698.95,7.43,A237880,21200.0
-15.0,-305.82,1010.35,10.31,A238090,3880.0
32.0,417.25,1065.61,-5.12,A238120,14950.0
308.0,59.85,2087.18,23.55,A238200,20600.0
1493.0,18.22,2131.95,9.05,A238490,19650.0
109.0,-9.6,99.65,7.69,A239340,4530.0
3839.0,14.25,3136.38,18.46,A239610,48950.0
885.0,40.5,2277.32,6.14,A240810,32500.0
2714.0,12.65,8815.47,10.58,A241560,23700.0
1031.0,16.43,1050.68,7.11,A241590,15000.0
468.0,17.94,1066.09,7.28,A241690,11000.0
456.0,24.91,2289.72,2.38,A241710,10450.0
819.0,18.81,2706.87,11.81,A241770,11300.0
1077.0,9.56,1237.76,16.9,A241790,13500.0
-881.0,-9.15,20.37,-17906.5,A241820,16800.0
314.0,65.47,245.92,2.55,A241840,8080.0
-242.0,23.07,469.26,-6.17,A242040,3720.0
3867.0,13.97,4282.45,13.26,A243070,48600.0
2446.0,15.68,513.62,8.43,A243840,39550.0
-2248.0,-40.71,-654.23,-3797.53,A244460,12750.0
-233.0,-19.74,1292.4,-31.7,A245620,14750.0
-681.0,-13.27,621.8,-506.4,A246710,11850.0
-935.0,-5.2,193.61,-493.71,A246720,4405.0
-781.0,-17.24,55.48,-1305.12,A246960,9950.0
2345.0,64.86,1862.21,8.53,A247540,119900.0
5870.0,5.79,6807.63,11.04,A248170,49350.0
-565.0,-28.3,1032.51,-0.27,A249420,13800.0
493.0,21.4,1540.34,6.86,A250000,7900.0
-18.0,-124.55,764.15,-14.21,A250060,2370.0
-33.0,-26.35,276.96,3.2,A250930,2095.0
1823.0,50.68,55922.53,9.3,A251270,92300.0
1773.0,16.33,2025.32,23.15,A251370,27000.0
441.0,20.91,1002.27,17.97,A251630,7700.0
1327.0,11.08,6910.11,14.37,A251970,16350.0
29.0,101.74,1231.94,1.75,A252500,4250.0
941.0,85.93,2956.14,6.12,A253450,76200.0
189.0,-31.43,2944.33,19.37,A253590,2190.0
-756.0,-7.25,276.1,-183.85,A253840,31450.0
-72.0,-5.43,149.16,1.33,A254120,1660.0
290.0,7.95,4702.75,10.64,A255220,2080.0
1250.0,15.72,2226.49,14.45,A255440,14200.0
1262.0,9.63,990.31,12.4,A256150,18200.0
132.0,96.38,2919.62,19.64,A256630,3965.0
52.0,28.44,282.86,25.96,A256840,2030.0
-27.0,-168.66,1302.39,-6.86,A256940,22000.0
320.0,214.72,1086.33,6.27,A257370,15050.0
-152.0,-64.59,554.19,2.75,A258610,5410.0
23.0,85.78,348.57,10.74,A258790,1950.0
603.0,14.72,1203.72,21.54,A258830,7250.0
392.0,44.52,1516.99,2.62,A259630,20400.0
131.0,13.55,1193.2,7.73,A260660,12600.0
765.0,17.46,3513.32,3.4,A260930,13000.0
569.0,15.88,1118.68,6.73,A263020,5000.0
-2351.0,-32.35,1452.6,-4484.32,A263050,64900.0
-4013.0,-1.78,101.94,-93.3,A263540,2015.0
551.0,15.6,1000.08,9.56,A263600,7600.0
483.0,8.1,490.58,7.61,A263690,18350.0
620.0,166.07,1819.96,9.33,A263700,17450.0
403.0,48.31,589.51,18.78,A263720,25550.0
12120.0,15.28,9049.6,28.1,A263750,204500.0
49.0,31.69,1757.78,6.92,A263770,4395.0
-43.0,-105.44,210.82,0.44,A263800,5600.0
176.0,20.89,383.4,3.62,A263810,3055.0
329.0,15.59,706.01,9.21,A263860,4855.0
-538.0,-15.02,1221.58,3.35,A263920,4555.0
2174.0,13.06,3343.49,11.76,A264450,36500.0
1200.0,6.3,2480.06,13.68,A264660,7980.0
75.0,16.27,456.24,8.56,A264850,2105.0
1424.0,6.1,5248.11,6.86,A264900,9760.0
618.0,54.33,1426.44,6.15,A265520,25100.0
-278.0,-34.65,1692.21,-3.37,A265560,10800.0
10636.0,31.78,10260.21,2.5,A267250,270500.0
-10684.0,-1.08,262.89,-8.85,A267260,8270.0
164.0,182.52,1097.96,5.53,A267270,19400.0
4163.0,5.1,2202.7,1.97,A267290,17500.0
575.0,13.71,884.48,13.33,A267790,11100.0
949.0,-29.36,2712.73,6.44,A267850,15700.0
8202.0,10.5,10334.55,6.12,A267980,80900.0
7542.0,9.57,9530.42,12.33,A268280,76800.0
-1039.0,-22.78,804.69,-90.92,A268600,87500.0
110.0,20.77,2070.16,4.52,A269620,2380.0
1056.0,14.97,1173.42,9.55,A270870,29250.0
5453.0,19.35,4940.01,16.19,A271560,132000.0
-720.0,-50.29,2101.24,0.06,A271980,38200.0
346.0,17.5,203.99,1.79,A272110,8050.0
556.0,13.34,60.88,3.97,A272210,8820.0
3635.0,14.72,4022.07,13.31,A272290,37300.0
-1888.0,-8.1,562.81,-5.37,A272450,10700.0
1998.0,7.88,302.85,11.08,A272550,17500.0
241.0,31.45,700.96,8.82,A275630,6220.0
-42.0,15.91,878.68,16.71,A277410,1785.0
2829.0,30.62,2598.06,22.52,A278280,93800.0
679.0,34.43,2541.74,16.36,A278650,20450.0
-142.0,-52.1,677.19,-5.35,A279600,5930.0
5932.0,25.2,37856.29,4.65,A280360,121000.0
1858.0,12.57,2809.27,18.49,A281820,20350.0
8758.0,19.35,3372.48,3.31,A282330,167000.0
1799.0,6.86,5171.35,11.56,A282690,10850.0
1456.0,11.16,503.54,13.68,A282880,25250.0
1534.0,14.95,16608.7,16.12,A284740,40450.0
807.0,7.04,1003.2,5.63,A285130,91900.0
1745.0,18.91,1235.21,25.78,A285490,23600.0
-1048.0,-58.92,-77.59,-33.46,A286750,11600.0
3679.0,14.79,493.55,4.86,A286940,39600.0
-8712.0,13.07,-4546.19,36.14,A288330,49500.0
259.0,30.54,971.69,5.74,A288620,21800.0
644.0,19.28,519.02,9.05,A289010,9990.0
975.0,9.73,647.77,5.36,A290120,6540.0
123.0,24.93,827.44,3.29,A290270,5780.0
837.0,21.19,1108.23,24.5,A290380,13950.0
266.0,65.96,10522.74,4.72,A290510,14700.0
-276.0,14.3,733.08,3.61,A290550,10000.0
993.0,85.48,1528.57,30.98,A290650,115300.0
-989.0,-4.01,396.43,-92.67,A290660,4315.0
628.0,37.88,1641.85,20.38,A290670,28300.0
655.0,20.56,1420.13,8.44,A290720,21900.0
1648.0,9.99,2505.41,15.97,A290740,9360.0
1747.0,12.47,2727.68,20.18,A293480,22250.0
-435.0,-54.55,2511.63,-680.73,A293780,24950.0
8239.0,2.89,916.87,13.08,A294870,19950.0
473.0,11.36,713.51,10.73,A297090,9130.0
37.0,-9.77,321.6,5.39,A297570,2030.0
27530.0,5.25,2677.9,8.49,A298000,112500.0
21510.0,7.18,2351.63,5.4,A298020,131500.0
1409.0,18.91,1910.73,3.45,A298040,17250.0
-15622.0,-7.11,1264.96,5.18,A298050,83200.0
-818.0,-19.16,402.21,-1013.52,A298380,18300.0
405.0,-4.21,205.12,3.15,A298690,3855.0
212.0,15.63,1082.08,14.29,A299900,4950.0
-981.0,7.32,1957.05,-8.65,A299910,12000.0
-2193.0,-13.2,-22145.79,-119.28,A300080,14300.0
745.0,18.87,1764.96,26.43,A300120,21450.0
9772.0,9.56,4182.77,6.23,A300720,81000.0
746.0,31.9,1904.84,21.95,A302430,16200.0
832.0,23.34,707.42,23.11,A302550,35900.0
-30.0,207.09,117.16,-0.25,A303030,2790.0
-15.0,-7.71,-57.48,10.82,A305090,20800.0
1612.0,13.02,903.89,11.32,A306040,57300.0
8762.0,6.95,3927.77,3.74,A306200,51100.0
49.0,-13.75,-135.97,10.66,A307180,1825.0
2614.0,15.87,4269.97,4.92,A307950,44900.0
1869.0,11.2,1993.21,15.78,A308100,12900.0
1443.0,20.14,1865.57,3.11,A308170,33450.0
267.0,60.15,13993.28,11.49,A311390,8270.0
-738.0,-28.58,702.64,-71.28,A311690,39200.0
600.0,21.03,1191.37,28.18,A312610,14300.0
427.0,16.4,3995.18,5.85,A313760,11150.0
171.0,-441.64,1203.71,11.24,A317120,7780.0
1416.0,28.46,474.85,33.31,A317330,14000.0
964.0,8.45,243.72,6.82,A317400,5840.0
73.0,-23.27,354.14,6.68,A317530,5130.0
738.0,49.51,2148.17,13.11,A317770,16750.0
131.0,37.47,2213.08,5.9,A317830,5950.0
344.0,27.54,1362.9,7.63,A317850,5380.0
340.0,51.83,49.35,27.93,A317870,6980.0
386.0,-34.67,742.54,18.01,A318000,6540.0
806.0,10.22,2026.26,28.24,A318010,13950.0
1346.0,17.54,2534.08,10.93,A319660,22700.0
2327.0,8.69,497.13,4.0,A322000,27150.0
439.0,23.45,1514.59,8.59,A322180,12800.0
-568.0,-8.71,20.67,-551.23,A322510,7800.0
398.0,61.96,3361.29,10.04,A327260,18800.0
656.0,13.35,2215.15,8.81,A336260,14950.0
451.0,45.15,3323.57,14.54,A336370,41350.0
