BPS,PBR,PER,ROE,code,price
1591,5.83,5414.52,9.31,A000050,14000
337,24.69,980.25,3.23,A000020,11550
-855,-1.06,-86.23,-18.59,A000040,713
3481,19.25,3077.36,3.19,A000070,57800
588,80.44,2547.07,0.85,A000100,51900
-594,-48.8,202.85,4.34,A000080,36000
18218,3.86,1602.57,6.81,A000150,37600
-156,-10.3,688.54,-1.95,A000180,1480
17228,5.25,2685.75,11.65,A000210,92300
1741,89.01,2489.33,2.95,A000120,161000
-903,-14.62,920.51,4.98,A000140,16300
616,18.43,970.23,8.88,A000220,11650
-1946,-5.44,1163.63,-8.14,A000230,8950
1627,8.85,7096.88,20.16,A000240,10100
473,75.3,1344.45,13.51,A000250,41550
4506,9.83,1298.17,3.46,A000270,34250
152,5.09,78.54,7.47,A000300,655
339,36.82,4455.16,2.83,A000320,9750
143,35.99,2283.66,2.08,A000390,4920
258,13.13,1484.11,2.81,A000430,3065
99,81.87,1583.15,0.97,A000440,8850
6088,14.59,2990.05,2.82,A000480,74200
131,43.33,827.87,2.94,A000490,5200
1314,17.74,1166.19,0.86,A000500,17300
121,174.02,898.21,3.98,A000520,18750
8382,6.98,3993.36,12.61,A000590,49700
3220,33.39,2778.6,6.86,A000640,89900
506,138.47,326.38,0.94,A000650,58600
2766,34.03,1287.01,10.05,A000660,81500
126504,5.1,35443.81,2.74,A000670,510000
-877,-2.64,50.45,-5.35,A000680,1895
156,42.59,114.79,-2.13,A000700,5900
3656,11.57,1138.52,4.98,A000720,34200
-1615,-9.6,626.83,-2.74,A000760,13100
3388,11.81,1870.54,3.33,A000850,31500
2250,9.05,7964.69,-0.59,A000860,15650
919,27.21,834.76,2.23,A000880,20100
-131,-8.65,26.33,-14.54,A000890,841
-1012,-3.96,1180.01,5.13,A000910,6420
-23962,-0.64,817.4,-22.18,A000950,12400
2351,11.74,226.34,22.45,A000990,28600
9,213.43,495.43,17.51,A001000,1725
-2096,-1.94,-172.39,0.53,A001020,1320
7491,12.9,2527.96,4.47,A001040,91900
-1133,-26.14,344.1,-3.72,A001060,34650
-2943,-6.85,2432.33,-8.3,A001070,21700
737,20.41,515.19,1.28,A001120,15650
10055,14.67,8705.68,2.51,A001130,133000
-424,-5.75,167.59,-1.09,A001140,2320
-3534,-1.21,1227.26,-6.64,A001210,3330
-718,-8.29,85.2,2.91,A001230,4265
-207,-10.72,81.11,1.5,A001250,1710
393,28.74,83.48,2.04,A001260,11800
357,6.89,348.07,12.59,A001340,2780
117,35.71,295.89,-14.52,A001360,3900
17,102.96,638.5,3.07,A001380,1310
7569,1.59,470.48,5.7,A001390,14200
71,56.86,768.21,0.31,A001420,3390
480,31.78,702.54,1.49,A001430,9720
-14,-43.97,45.19,2.14,A001440,771
33063,7.15,10280.96,13.71,A001460,207000
58,12.38,139.77,2.19,A001470,717
-2,-882.76,732.5,-3.73,A001520,1430
5025,14.75,4258.69,5.17,A001530,64500
194,55.29,2234.27,1.55,A001540,11450
-25,-621.51,88.14,1.36,A001550,16650
640,12.16,1929.38,8.54,A001560,5840
-247,-9.71,167.7,5.33,A001570,3020
-32,-22.36,499.52,-2.27,A001620,579
8988,11.24,3640.1,11.96,A001630,119500
2976,7.79,2845.79,4.38,A001680,25100
-530,-11.21,249.53,0.84,A001740,5190
793,27.05,470.07,1.37,A001770,21600
-98,-28.15,441.99,2.69,A001780,1960
1533,13.02,1397.14,2.45,A001790,18300
772,23.05,5921.75,12.68,A001800,14050
61,37.01,1605.07,0.85,A001810,2030
2852,18.34,1312.71,14.65,A001820,53700
14,340.35,294.19,0.09,A001840,5130
6265,3.17,503.53,11.17,A001880,21400
2408,5.31,3409.24,4.87,A001940,11450
-1244,-14.11,867.21,2.83,A002020,17400
22002,4.7,11553.62,10.25,A002030,80500
-32,-63.33,1448.1,-0.23,A002070,1410
209,54.24,1712.11,3.82,A002100,12450
180,18.71,288.85,3.02,A002140,4535
516,17.32,1447.72,5.24,A002150,8770
14733,4.07,2143.7,25.73,A002170,53700
4505,4.39,1139.43,7.1,A002200,18650
-328,-48.9,180.07,-8.7,A002210,12900
-478,-4.24,1246.99,-4.23,A002220,1655
129,31.29,1384.36,-3.43,A002230,4420
499,41.18,7018.21,1.93,A002240,14400
33151,12.46,17366.63,2.77,A002270,361000
265,13.59,848.75,4.76,A002290,2820
-4330,-3.94,1685.29,0.49,A002300,17150
6860,4.37,1205.67,10.19,A002310,31100
-261,-114.96,1107.01,4.4,A002320,53700
1135,8.04,2732.18,10.25,A002350,5890
-26,-39.73,76.3,-2.22,A002360,912
-21079,-11.08,9923.37,4.9,A002380,143500
2538,8.93,4986.99,5.81,A002390,23500
794,4.12,243.86,4.15,A002410,3215
-2309,-25.03,170.85,-8.87,A002420,49400
151,12.3,455.72,10.43,A002450,1480
616,18.9,511.1,6.56,A002460,10800
13076,11.43,4215.4,6.33,A002600,150000
-5676,-3,4458.99,1.23,A002620,19500
-541,-3.57,41.67,-8.43,A002680,1900
74,33.37,1638.64,0.77,A002690,2035
60,30.66,99.05,1.08,A002700,2210
219,12.4,382.91,2.94,A002710,2075
-259,-17.89,127.7,5.01,A002720,7130
11,188.42,267.49,1.75,A002760,2130
139,16.65,24.3,5.13,A002780,2070
1498,55.21,7355.32,7.93,A002790,57800
141,48.4,643.26,3.43,A002800,7380
1941,8.19,3952.33,3.35,A002810,14200
-2973,-1.46,1693.3,-4.11,A002820,3580
6164,9.25,3246.25,12.9,A002840,69800
562,2.66,342.99,7.24,A002870,1370
94,9.51,92.88,2.44,A002880,712
54,24.11,123.88,2.22,A002900,1020
670,3.97,1978.5,4.72,A002920,2565
16174,19.97,1298.85,12.12,A002960,253000
323,35.65,138.41,3.47,A002990,6910
-111,-129.06,1062.92,5.67,A003000,26400
365,11.83,1646.88,4.52,A003010,6200
-742,-63.9,4429.38,2.39,A003030,32050
-47,-28.69,102.53,-3.85,A003060,2000
1911,5.07,273.72,3.6,A003070,9640
-143,-31.13,933.72,-10.4,A003080,4205
1074,12.06,2247.59,7.88,A003090,17250
758,21.9,4624.5,16.73,A003100,14700
2526,32.5,3145.9,-2.6,A003120,83400
21,169.79,717.56,-5.97,A003160,3745
2940,24.35,5836.41,2.74,A003200,56800
1348,12.47,2012.37,11.05,A003220,15300
7906,11.37,645.92,14.4,A003230,118500
122200,8.67,58834.95,9.99,A003240,740000
2304,19.06,6579.56,5.06,A003300,46950
51,27.61,160.72,3.21,A003310,1340
-328,-94.56,2069.52,1.71,A003350,37000
594,14.43,20530.06,4.17,A003380,7100
259,21.86,266.2,14.85,A003410,5070
1025,2.53,135.1,4.38,A003480,3500
-6556,-4.35,77.93,2.03,A003490,20700
28,241.07,26.58,4.53,A003520,5270
6141,12.02,2054.04,15.57,A003550,63100
-453,-3.85,91.44,-7.09,A003560,1555
501,13.2,700.47,5.13,A003570,5400
-901,-8.98,441.48,-12.44,A003580,6520
-2290,-0.91,-46.47,-7.78,A003620,1620
10189,7.79,3069.75,5.4,A003650,57500
1672,29.46,3174.65,6.06,A003670,55500
-2868,-1.85,34.12,-3.06,A003680,5250
-59,-16.86,156.81,-0.81,A003720,1320
525,7.6,553,14.78,A003780,3370
2587,9.15,3875.42,16.43,A003800,44500
16958,5.28,6382.75,4.27,A003830,87400
729,22.77,1249.52,7.45,A003850,14750
32968,13.33,20997.99,0.04,A003920,299500
10553,1.52,681.88,3.73,A003960,15750
6526,6.92,1080.74,14.46,A004000,37850
128,245.36,2308.48,1.62,A004020,21850
48,18.93,103.61,0.16,A004060,657
213,44.66,1220.19,2.44,A004080,9300
-11586,-8.93,4255.9,1.26,A004090,97800
-243,-6.4,178.39,3.31,A004140,2115
536,7.33,141,2.18,A004150,3055
53472,5.4,6741.18,7.32,A004170,245000
1907,4.43,87.92,9.21,A004200,8720
343,10.92,1214.46,4.37,A004250,3725
-59,-53.42,396.95,0.63,A004270,2810
240,47.94,6787.52,2.23,A004360,10350
11672,20.61,6571.96,3.36,A004370,315500
156,74.6,1701.67,3.21,A004380,11500
-6,-29.78,-26.5,0.58,A004410,172
1448,10.74,3525.66,7.28,A004430,14450
211,36.16,2140.21,1.83,A004440,6000
3876,11.75,1325.37,7.84,A004450,40000
5597,6.66,15105.26,9.28,A004490,28700
-322,-7.41,271.39,0.87,A004540,4055
1434,6.28,431.05,4.98,A004560,7350
405,10.33,5353.45,13.24,A004590,4590
2328,5.39,2885.43,4.74,A004650,15000
9327,9.06,6464.14,2.47,A004690,65100
2181,17.88,653.21,14.64,A004700,42350
234,38.28,77.17,2.62,A004710,7280
26,244.35,888.84,1.25,A004720,6460
20,196.86,202.48,16.49,A004770,3380
337,12.48,1246.9,4.24,A004780,4105
4921,16.08,6917.55,7.02,A004800,67300
11,269.69,694.94,0.54,A004830,3565
445,11.81,4586.2,4.84,A004840,7150
-388,-4.47,320.51,-2.91,A004870,1370
1547,37.44,2941.54,-0.28,A004890,55900
-181,-30.44,2735.75,-0.18,A004910,5580
-237,-5.79,-25.86,-7.67,A004920,1125
6210,2.38,709.97,7.67,A004960,14000
644,18.46,6341.77,-1.15,A004970,10200
690,10.11,195.88,2.94,A004980,7270
-3395,-11.47,43217.52,1.97,A004990,34300
-1648,-6.06,834.79,-2.4,A005010,6640
-510,-0.92,-67.22,-4.36,A005030,363
-251,-35.44,365.13,-1.49,A005070,11600
-41,-745.42,1054.03,0.4,A005090,29350
-124,-21.85,55.52,10.67,A005110,2475
250,10.38,626.35,4.89,A005160,2720
4168,13.44,1096.86,5.21,A005180,63100
2492,7.3,2281.07,12.59,A005190,17000
60,372.73,3024.62,1.99,A005250,21400
1138,14.71,1228.25,11.98,A005290,17900
-16243,-8.62,43586.75,4.43,A005300,103500
-186,-6.64,295.22,-1.9,A005320,3235
-92,-39.86,283.95,1.39,A005360,3580
10761,11.2,4865.48,3.41,A005380,98000
-754,-8.12,125.48,-1.28,A005420,8530
5136,8.8,1686.28,4.17,A005430,41600
561,21.13,3276.46,2.88,A005440,8300
-1841,-2.69,-14.08,4.55,A005450,4945
21048,11.24,9630.2,6.01,A005490,181000
812,30.74,1489.22,18.23,A005500,27700
2341,37.25,735.34,1.88,A005610,70200
3109,1.96,1476.83,5.96,A005670,5780
428,21.09,4562.31,2.31,A005680,8130
72,117.1,72.23,6.04,A005690,24100
1950,3.04,3056.33,3.98,A005710,5240
1037,5.84,3525.24,9.83,A005720,4290
-1342,-7.75,4196.68,3.74,A005740,9030
132,31.62,865.55,1.75,A005750,4355
4238,23.6,6726.32,0.81,A005800,89300
3063,11.09,1596.14,4.08,A005810,27550
1348,13.46,773.33,5.29,A005820,16450
-60,-30.18,213.4,1.29,A005860,2010
564,12.89,73.4,4.5,A005870,6000
3705,6.21,357.52,12.81,A005880,17300
3166,17.63,28856.02,12.05,A005930,50700
-481,-22.04,246.75,0.62,A005950,9720
2803,3.05,437.38,4.8,A005960,9910
1646,6.44,9209.78,5.31,A005990,8950
12632,16.74,5781.6,7.22,A006040,226000
31,62.76,207.37,1.36,A006050,2775
1066,11.17,953.48,7.96,A006060,8460
1402,5.4,340.88,7.21,A006090,8040
450,9.84,1878.7,3.37,A006110,4015
8844,2.96,2400.51,3.46,A006120,28350
326,15.81,1320.34,5.93,A006140,4490
-266,-2.75,291.22,-5.58,A006200,604
787,60.76,1934.4,3.46,A006260,37400
-311,-425.69,1737.88,2.94,A006280,141500
-12,-100.75,127.92,0.25,A006340,1060
5552,5.59,906.31,7.37,A006360,28550
-1837,-3.26,444.13,-14.03,A006370,4995
-2070,-1.5,620.16,-10.76,A006380,3010
2458,12.39,145.69,9.17,A006390,29700
5066,46.59,3338.5,4.58,A006400,359000
-271,-11.3,-44.36,6.29,A006490,2385
-765,-5.39,451.9,-1.35,A006570,4180
876,3.71,938.86,12.61,A006580,2935
486,10.68,1416.56,5.42,A006620,18400
16360,7.18,4252.26,5.49,A006650,130000
585,13.65,5183.88,-5.42,A006660,6170
1,10740.77,2039.58,11.29,A006730,6630
418,7.45,1020.31,10.91,A006740,3485
2135,16.21,1149.46,3.49,A006840,21700
-2905,-1.37,1525.76,-0.12,A006880,4560
847,6.2,1540.67,2.85,A006890,6130
18,110.86,249.9,-0.95,A006910,1755
50,103.67,306.93,0.86,A006920,4465
386,7.62,1065.12,-1.05,A006980,3675
1729,22.7,2737.46,2.65,A007070,42600
12,206.14,35.54,2.63,A007110,2460
108,3,444.14,1.84,A007120,390
-2557,-14.59,1455.74,2.48,A007160,29650
-40,-47.63,645.76,-0.88,A007210,1855
-690,-2.36,316.9,-2.1,A007280,1370
26861,20.63,8116.36,6.28,A007310,551000
6584,4.46,17827.03,8.63,A007340,24550
137,32.06,671.06,-0.46,A007370,5530
16,424.29,153.75,7.63,A007390,9910
86,31.85,330.6,3.28,A007460,3045
450,3.64,565.32,5.37,A007530,1555
4195,9.71,8436.99,10.51,A007540,69100
511,44.11,203.66,10.02,A007570,48000
473,14.53,2031.02,6.26,A007590,6200
-119,-25.5,637.68,-1.87,A007610,2750
-345,-3.55,184.82,-44.88,A007630,1225
844,13.27,5039.13,5.02,A007680,9020
5958,7.9,1740.5,3.75,A007690,39350
7156,15.65,6263.09,16.56,A007700,99500
633,2.37,230.61,1.78,A007720,1265
475,24.19,5132.39,2.15,A007770,9550
25,475.2,2336.12,2.55,A007810,9020
229,47.99,686.4,3.94,A007820,8120
-2554,-1.14,8412.11,1.51,A007860,3875
225,11.77,513.26,4.45,A007980,2090
6,155.66,212.47,3.02,A008040,914
794,13.16,2552.97,4.33,A008060,6680
71,104.16,235.13,3.44,A008250,7460
224,9.85,629.99,8.15,A008260,2125
-140,-24.16,34.45,-3.28,A008290,2610
166,23.63,957.71,3.74,A008370,4025
116,22.13,986.23,1.6,A008420,2815
416,13.11,1663.11,3.38,A008470,4270
2742,12.95,5241.73,10.29,A008490,53700
-11334,-1.61,356.7,-41.05,A008500,9800
-634,-2.25,60.83,-7.32,A008600,1400
6,360.27,44.94,1.29,A008700,2030
734,19.06,2213.86,5.1,A008730,13900
4243,21.4,411.78,5.17,A008770,79200
-62,-47.56,899.16,2.23,A008830,2610
466,82.35,2064.64,4.65,A008930,27450
15,69.5,34.48,2.27,A008970,1090
238,11.56,1181.5,4.26,A009070,2400
6627,18.86,1190.22,9.13,A009150,125000
145,20.31,1298.7,2.59,A009160,2570
215,7.14,718.78,2.07,A009180,1465
132,113.98,281.49,2.14,A009190,4470
-231,-10.76,311.89,6.12,A009200,2175
1815,34.26,3113.32,3.28,A009240,84600
17,107.07,392.28,1.33,A009270,1800
440,15.12,805.01,3.38,A009290,7210
1601,9.96,2572.2,14.53,A009300,14250
-387,-3.63,178.84,-12.13,A009310,1290
-52,-40.38,28.57,-1.86,A009320,2390
1152,10.38,2866.91,9.97,A009410,15500
367,98.9,418.25,15.76,A009420,26850
364,13.23,1475.83,3.08,A009440,4035
2186,21.31,2255.62,5.79,A009450,38600
124,24.75,188.25,5.98,A009460,2275
460,33.51,379.85,2.62,A009470,17500
254,18.82,332.33,4.52,A009520,5770
2318,54.56,5274.3,1.91,A009540,90800
162,26.08,294.04,7.83,A009580,3030
-237,-2.69,455.35,2.33,A009620,798
344,25.72,2484.26,4.67,A009680,7540
1868,17.58,1377.02,4.56,A009770,27800
668,7.09,916.8,9.84,A009780,4550
-40,-20.1,3.21,-15.55,A009810,655
-1457,-12.93,606.5,3.98,A009830,16150
8870,5.43,15979.95,10.92,A009970,41650
187,21.58,1120.27,4.01,A010040,4415
-33308,-1.88,1956.46,-6.93,A010060,39400
373,5.9,597,1.56,A010100,3285
3462,15.77,831.73,7.18,A010120,45550
33541,12.67,7046.39,12.03,A010130,378000
-2080,-3.49,104.71,-8.39,A010140,4815
-159,-20.92,386.53,-6.24,A010170,3795
568,7.79,1004.35,8.51,A010240,4135
32,56.74,9.54,0.42,A010280,1480
2171,30.13,2738.02,13.52,A010400,6880
154,11.26,315.76,1.7,A010420,1440
515,9.69,474.98,4.01,A010470,4330
-179,-4.69,-37.18,-5.74,A010580,306
-368,-5.94,245.45,-13.59,A010600,2305
1333,34.54,964.36,3.09,A010620,34000
755,5.16,431.68,8.84,A010640,3000
-31,-9.9,1046.6,-1.73,A010660,3730
190,17.19,1709.31,0.17,A010690,2120
-942,-3.82,973.41,-0.61,A010770,3200
2139,15.4,6959.62,6.87,A010780,30800
-224,-9.3,-106.72,-3.69,A010820,2205
561,169.84,2119.87,1.72,A010950,70700
863,5.16,1513.46,6.46,A010960,4585
-286,-7.7,-77.64,-19.91,A011000,10600
758,10.45,1704.35,13.91,A011040,8410
4323,32.39,1793.97,4.86,A011070,147500
-2,-265.48,5.93,0.44,A011080,504
-61,-18.56,100.41,-0.78,A011090,1195
51,53.27,256.12,2.48,A011150,3935
20860,10.74,7608.48,7.32,A011170,188000
-1860,-1.91,-180.13,-5.44,A011200,4725
2030,24.73,2243.08,1.39,A011210,37400
-302,-8.57,-98.02,-0.53,A011230,2860
263,16.19,785.09,3.64,A011280,3630
-203,-3.26,62.06,-6.01,A011300,452
216,28.51,937.61,1.4,A011320,6920
234,7.74,123.41,16.48,A011330,1520
98,12.19,519.5,4.38,A011370,1020
3684,39.5,953.21,6.13,A011390,139000
-50,-29.75,74.78,-1.59,A011420,1315
638,6.67,1446.9,5.84,A011500,4695
-770,-10.34,2715.86,-1.45,A011560,5130
-164,-29.72,183.9,-4.71,A011690,1220
50,33.55,401.08,4.11,A011700,1460
1236,14.48,655.44,1.02,A011760,14600
8796,8.81,1518.71,7.39,A011780,70900
1591,32.06,794.35,6.11,A011790,57100
-1663,-4.82,577.96,0.12,A011810,6680
12,78.78,110.26,2.15,A011930,1225
22,40.19,188.73,7.75,A012030,749
12,92.09,522.67,1.72,A012160,1200
-14205,-0.01,-87.33,-34.54,A012170,150
4,754.05,986.94,0.86,A012200,2890
6,279.64,216.57,0.87,A012280,1705
3850,9.52,5767.49,8.08,A012320,26450
23867,10.73,6730.8,6.2,A012330,198000
-55,-29.93,82.22,0.5,A012340,1880
2555,13.72,710.7,3.14,A012450,24300
1669,48.54,2392.08,25.43,A012510,120000
-22988,-0.11,-69.83,-11.8,A012600,2990
345,22.44,970.78,6.57,A012610,7100
2259,3.97,5269.04,3.6,A012620,8450
4295,2.57,1351.35,7.92,A012630,9500
66,54.61,244.95,2.35,A012690,6870
1531,4.64,2569.16,10.88,A012700,6070
3859,24.28,7687.07,9.15,A012750,93200
666,10.74,2488.61,15.52,A012790,8150
56,25.68,235.93,1.89,A012800,1190
-358,-3.58,734.52,1.41,A012860,1440
3,647.6,179.56,4.13,A013000,1940
947,20.28,4921.09,10.5,A013030,13250
933,4.38,1598.39,16.51,A013120,3610
423,6.14,966.74,6.31,A013310,2365
34,36.96,215.38,1.97,A013360,1080
357,5.93,714.06,4.19,A013520,1625
623,9.03,2708.33,5.16,A013570,4065
8013,2.53,916.8,5.97,A013580,17250
299,4.25,166.86,5.24,A013700,1325
38,63.68,440.01,1.09,A013720,2155
632,6.45,443.02,8.88,A013810,4530
143,34.27,2291.29,1.78,A013870,4530
3503,12.76,2885.15,8.54,A013890,84000
-481,-7.74,740.13,-2.6,A013990,3155
3373,2.56,1352.34,2.79,A014100,4195
479,9.21,1093.95,2.07,A014130,4700
100,11.15,188.03,4.96,A014160,1105
108,20.05,363.1,-0.9,A014190,1590
-121,-18.45,193.13,-7.53,A014200,1775
-360,-10.59,1041.4,0.48,A014280,3350
256,13.61,1352.53,6.44,A014440,2775
-156,-16.54,580.69,-1.28,A014470,2160
412,8.37,898.68,2.09,A014530,3150
354,20.3,1091.8,6.15,A014570,12550
148,29.43,708.64,2.08,A014580,3915
216,48,3066.65,3.45,A014620,7650
7655,13.85,712.46,18.96,A014680,97500
-328,-16.14,1112.04,2.79,A014710,4000
51,58.86,7.79,5.19,A014790,3110
1474,19.94,234.62,7.21,A014820,24000
7600,6.15,1604.05,9.69,A014830,42050
-92,-23.3,195.09,-4.33,A014910,1590
77,10.39,-31.02,4.1,A014940,904
40,235.33,851.1,1.77,A014970,7830
-55,-43.13,117.52,-0.78,A014990,2265
256,2.77,135.84,16.52,A015020,673
5054,5.71,1207.29,6.74,A015230,23600
-73,-4.79,49.69,-6.21,A015260,248
4448,8.03,1151.31,4.47,A015350,36350
3278,11.41,1907.02,2,A015360,34550
-4012,-1.31,36.37,-164.58,A015540,5350
24,44.3,27.4,13.45,A015590,1055
469,13.97,1279.67,9.96,A015710,6200
491,7.63,2747.77,2.16,A015750,2870
-3654,-7.61,1597.36,-2.16,A015760,21600
255,19.86,515.87,3.53,A015860,4025
706,8.08,1372.94,2.07,A015890,4920
376,6.64,639.49,6.76,A016090,1820
-3046,-1.85,47.29,-29.09,A016100,3835
6923,10.56,2086.73,4.53,A016250,85200
-932,-8.37,59.56,1.43,A016380,15700
504,14.65,1555.21,3.52,A016450,5170
1005,15.37,2837.25,16.44,A016580,13500
13849,4.3,1977.29,14.64,A016590,57900
-49,-31.2,232.06,38.33,A016670,1435
837,9.96,2673.64,2.6,A016710,11250
366,8.59,115.81,5.93,A016740,2950
-100,23.79,1747.85,1.22,A016790,17350
2953,9.99,3408.16,8.24,A016800,28300
-2212,-0.7,50.38,9.17,A016880,1220
137,10.69,276.13,2.75,A016920,1615
1338,3.14,67.03,2.7,A017000,3240
185,12.33,345.81,6.06,A017040,2190
-776,-5.86,288.39,-9.57,A017180,6950
316,15.8,1033.27,0.44,A017370,3510
5836,12.1,2795.66,0.77,A017390,74400
417,9.5,1653.93,3.35,A017480,3570
224,21.64,838.62,9.05,A017510,4330
3,939.72,271.99,4.59,A017550,1805
56,22.49,2483.47,5.61,A017650,1620
11021,21.59,56343.49,6.26,A017670,216000
1785,38.26,596,7.27,A017800,63300
83,135.73,1438.84,1.28,A017810,15450
1472,5.11,2862.58,11.36,A017890,16600
60,36.08,683.94,-0.87,A017900,1955
-6293,-7.68,3420.56,2.31,A017940,35650
403,19.45,1421,9.25,A017960,8170
-42,-23.93,45.35,-18.17,A018000,2015
1959,15.67,2734.19,18.65,A018120,30950
1581,15.98,1181.93,8.64,A018250,25000
9518,20.44,17320.14,9.24,A018260,190500
96,93.94,524.48,9.1,A018290,10050
932,8.97,4966.41,7.88,A018310,7420
-1098,-0.66,221.93,-3.91,A018470,580
-530,-4.62,110.09,-4.62,A018620,2470
17212,4.92,3606.85,3.84,A018670,76200
28,242.49,1091.68,7.61,A018680,8460
597,18.69,4305.47,6.76,A018880,9740
49,22.67,784.97,3.91,A019010,1470
31,236.99,742.14,1.03,A019170,21700
959,3.82,308.33,5.35,A019180,2535
44,171.77,1995.45,3.08,A019210,4725
1280,10.51,652.11,2.71,A019440,11150
-3223,-0.98,125.15,-44.05,A019490,3000
-317,-11.16,1723.13,-7.63,A019540,3070
-323,-9.74,42.55,-45.27,A019660,2425
162,37.64,1240.92,3.86,A019680,4555
-257,-10.29,1078.12,0.22,A019770,2300
50,69.47,749.85,0.94,A019990,3560
3462,9.11,8696.65,8.46,A020000,30250
166,24.32,179.75,2.63,A020120,5900
1016,42.09,2340.22,8.52,A020150,46650
0,33025.44,695.19,3.69,A020400,7860
-3626,-1.49,-26.39,-6.37,A020560,4045
765,6.26,980.64,6.69,A020710,5320
-1074,-3.29,256.03,-32.18,A020760,2970
9,110.81,66.41,2.25,A021040,756
65,43.26,217.92,3.09,A021050,3265
4511,20.64,2671.88,15.18,A021240,66600
1319,4.93,254,3.58,A021320,6730
205,13.31,601.65,3.8,A021650,2635
258,20.54,385.61,4.96,A022100,4765
222,9.46,222.81,14.31,A022220,1900
261,11.58,948.79,4.01,A023000,2245
-71,-86.28,1405.91,9.68,A023150,8610
408,25,3264.9,4.58,A023160,8530
-325,-12.09,1644.8,-0.96,A023350,4230
257,19.55,1963.74,8.78,A023410,3980
-122,-18.37,313.1,-13.24,A023440,1900
4925,5.05,2283.02,7.8,A023450,28700
-32153,-4.21,9523.91,2.43,A023530,89000
4130,4.6,5947.42,15.64,A023590,18300
1779,4.62,4300.07,12.44,A023600,7530
1142,7.69,791.5,24.25,A023770,14100
527,6.08,1235.84,-15.03,A023790,2840
-545,-9.07,2497.59,1.13,A023800,3980
-617,-6.03,1859.54,-0.12,A023810,3755
5806,8.8,6847.92,9.97,A023890,45700
618,27.1,1966.58,8.67,A023900,22250
4694,6.74,5459.18,19.93,A023910,30000
-14,-100.14,-40.73,1.2,A023960,1405
553,9.7,5078.89,0.33,A024060,7600
70,37.89,1432.83,0.72,A024070,2170
2005,6.06,3028.84,12.06,A024090,10650
930,6.65,1707.23,8.58,A024120,6300
2236,10.09,4823.9,17.05,A024720,22500
106,15.68,623.21,4.04,A024740,1675
780,3.62,1364.32,2.08,A024800,2250
0,1817.38,51.19,1.07,A024810,169
1572,4,3773.67,10.94,A024830,6280
196,8.58,469.05,2.09,A024840,1295
448,10.44,1822.49,4.34,A024880,3940
104,13.67,279.86,5.03,A024890,1850
-422,-2.95,54.71,-0.63,A024900,1005
542,4.11,669.25,-2.46,A024940,2085
-584,-9.21,1216.46,-9.46,A024950,8900
8420,6.6,1838.34,6.33,A025000,50000
88,31.02,146.61,7.68,A025320,2935
-99,-10.02,-33.31,-1.83,A025440,846
329,9.82,2056.63,3.92,A025530,2725
3062,13.96,13584.26,4.34,A025540,35250
106,28.64,638.54,3.61,A025550,2830
-11,-12.56,-13.58,-20.49,A025560,80
-3152,-1.36,310.94,-98.85,A025620,2765
-57,-19.36,86.93,-0.63,A025750,1010
634,10.84,1015.08,6.86,A025770,10000
-100,-17.72,336.67,0.31,A025820,1505
323,25.27,788.85,1.29,A025860,7850
182,43.57,692.69,2.35,A025870,9540
-386,-6.03,554.07,-2.66,A025880,2170
-1199,-1.57,484.76,-13.52,A025890,1465
1371,12.36,7701.12,8.15,A025900,24850
100,62.16,1977.53,-1.86,A025950,5310
-85,-123.03,3408.69,3.3,A025980,10350
-2026,-2.01,481.96,-29.68,A026040,2580
52,121.93,1065.31,0.46,A026150,7270
256,20.2,697.95,8.48,A026890,10550
-153,-24.47,776.71,-2.81,A026910,2920
92,56.89,1041.5,0.24,A026940,4330
1373,12.67,2488.55,7.66,A026960,16700
59,17.25,22.74,-2.79,A027040,888
15,259.25,372.88,2.62,A027050,4700
281,19.91,1495.87,12.23,A027410,4485
-269,-3.97,45.42,-10.15,A027580,1190
-57,-19.78,152.47,1.52,A027710,1320
-109,-7.43,-0.58,-6.22,A027740,943
380,6.56,-21.09,7.94,A027970,2070
-582,-0.84,-18.16,-40.3,A028040,279
1493,12.86,51.89,6.05,A028050,12100
464,6.77,2715.79,11.17,A028080,2740
1656,11.56,3327.03,6.02,A028100,17050
16696,8.9,3727.67,9.84,A028150,119300
5489,19.77,94439.65,2.82,A028260,99100
-1084,-103.34,1770.59,-126.84,A028300,112900
284,16,407.45,8.51,A028670,3575
3722,5.01,6629.59,13.21,A029460,18350
-152,-6.6,273.82,-8.26,A029480,591
1437,25.67,1652.42,1.47,A029530,25350
483,20.58,511.65,40,A029960,10000
1200,20.04,5735.51,6.02,A030000,16600
672,20.77,676.42,12.49,A030190,18200
2371,11.39,835.97,4.73,A030200,24350
-359,-8.16,143.19,-74.16,A030350,2445
818,12.22,1846.63,10.4,A030520,12000
429,12.71,1918.14,13.68,A030530,4365
1304,7.78,118.01,9.24,A030720,9470
-10298,-1.28,13.31,-25.23,A030790,8290
-63,-52.34,1017.81,-0.35,A031310,3920
376,5.84,362.82,2.78,A031330,2085
920,51.02,1327.75,15.02,A031390,41850
10361,21.19,1577.35,5.93,A031430,195000
1124,62.54,1538.94,1.68,A031440,60200
19,80.06,179.54,1.28,A031820,1355
-266,-7.77,92.3,-51.32,A031860,2345
912,9.37,8605.66,3.48,A031980,7320
226,8.22,796.25,6.56,A032080,1690
1782,4.66,2901.8,15.5,A032190,13750
204,9.82,308.48,2.6,A032280,1875
-204,-70.1,764.27,-18.27,A032350,13700
2652,19.27,971.55,20.02,A032500,58300
64,51.51,1069.69,0.6,A032540,2730
1794,3.9,3460.29,7.71,A032560,6030
-52,-31.07,182.8,-0.83,A032580,1900
130,44.08,320.57,11.14,A032620,10900
1005,14.13,175.24,5.54,A032640,13150
-102,-23.59,95.66,0.26,A032680,2470
2019,5.67,2432.54,8.69,A032750,9130
-1122,-3.63,233.54,-6.04,A032790,4075
-218,-3,-25.17,2.68,A032800,965
-120,-8.18,-50.73,-27.62,A032820,818
427,10.23,505.36,16.25,A032850,11600
-51,-7.1,-37.91,-2.54,A032860,222
2577,1.64,1129.86,4.6,A032940,3380
723,17.14,1025.51,3.17,A032960,10250
-435,-2.96,31.88,-50.82,A032980,1160
-245,-5.27,11.89,-6.98,A033050,1455
348,19.36,759.54,12.7,A033100,5870
-454,-2.1,-22.92,-80.15,A033110,204
92,23.68,306.91,8.68,A033130,2185
324,23.77,2941.57,17.32,A033160,7700
-233,-4.9,212.74,-8.98,A033170,815
-168,-45.3,538.4,2.15,A033180,4910
-21,-106.48,344.25,1.4,A033230,4410
-16,-675.68,3081.77,-2.52,A033240,7300
1907,9.62,3312.62,15.58,A033270,19600
568,9.93,445.64,19.28,A033290,5850
189,16.92,588.31,0.89,A033310,3300
37,134.37,792.61,1.22,A033320,4405
-266,-11.36,412.22,-7.26,A033340,2275
-325,-2.91,62.87,-19.88,A033430,370
625,16.87,606.19,10.64,A033500,9990
247,18.73,3408.97,1.08,A033530,5470
-1725,-2.65,567.25,-29.26,A033540,5490
101,33.82,1637.43,-42.37,A033560,4305
1326,18.13,1699.71,17.06,A033640,32550
7549,12.42,850.82,27.84,A033780,83900
-720,-1.03,137.36,-183.32,A033790,829
56,21.73,129.4,10.65,A033830,865
832,10.21,8943.86,-8.06,A033920,6130
-2150,-2.66,73.32,6.88,A034020,4280
1079,19.27,545.85,1.54,A034120,16850
-7908,-2.05,545.22,-5.79,A034220,10200
166,118.91,1997.09,5.3,A034230,14500
4379,6.01,700.19,2.38,A034300,23300
771,27.11,3525.26,8.21,A034310,21800
2448,11.73,769.94,2.08,A034590,25250
10113,25.91,119888.22,3.98,A034730,239000
238,42.91,2812.29,25.75,A034810,11100
-32,-118.23,275.57,-0.54,A034940,5490
4483,13.05,375.77,34.12,A034950,77500
921,7.11,767.81,4.04,A035000,5420
-81,-26.65,931.67,1.32,A035080,1845
282,31.9,967.04,6.83,A035150,5820
122,27.24,645.01,5.2,A035200,3230
1564,18.92,3538.24,32.97,A035250,24200
-8107,-0.14,-35.12,-72.78,A035290,11750
3538,52.72,44216.06,10.77,A035420,226000
228,9.18,403.36,5.96,A035460,2600
6196,17.35,2288.63,4.06,A035510,134000
1792,9.49,1815.55,9.01,A035600,23300
65,62.11,1031.21,0.39,A035610,3780
-267,-6.18,148.27,-104.47,A035620,2215
-3585,-42.82,12027.79,6.73,A035720,263500
4754,33.57,3142.72,7.11,A035760,121000
40,125.24,1250.78,2.58,A035810,4260
319,3.51,282.18,9.51,A035890,1185
883,27.36,849.45,27.96,A035900,22850
-708,-5.29,1750.21,-2.96,A036000,2900
-381,-13.69,1375.08,-1.88,A036010,4405
40,135.21,500.15,3.32,A036030,5540
40,21.63,92.42,-3.34,A036090,659
138,18.46,15.57,13.17,A036120,3380
-416,-5.14,125.06,-0.07,A036170,1580
-261,-16.75,170.06,1.12,A036180,1205
4614,6.39,7886.07,16.39,A036190,27700
718,7.56,723.4,13.4,A036200,6220
-518,-4.28,-44.22,-29.78,A036260,2220
78,494.42,330.26,6.39,A036420,29800
420,90.14,1606.72,5.34,A036460,29850
750,21.2,1746.9,13.45,A036480,14300
12150,15.27,12004.21,27.81,A036490,162100
3835,4.03,9308.41,8.35,A036530,14800
145,29.66,315.63,6.64,A036540,5530
799,10.64,1891.21,13.48,A036560,6730
16320,33.15,25668.24,28.16,A036570,790000
-225,-20.41,1722.54,1.74,A036580,7650
-133,-6.32,44.83,-19.23,A036620,846
4,87.06,11.29,-3.62,A036630,330
60,44.52,796.24,2.37,A036640,4000
1013,10.71,1140.45,20.82,A036670,9950
256,16.57,742.65,4.5,A036690,3630
-378,-4.34,485.38,-1.71,A036710,1630
3011,9.52,4614.72,7.74,A036800,28950
903,8.58,1075.79,15.01,A036810,13000
6737,12.51,9645.05,17.06,A036830,80700
979,7.09,1282.08,8.42,A036890,6020
534,15.17,798.8,11.95,A036930,5400
403,9.33,297.1,2.37,A037030,4775
617,14.42,984.82,5.98,A037070,17400
72,29.94,248.18,4.38,A037230,2380
-55,-24.69,204.78,0.96,A037270,1720
111,18.88,661.67,4.27,A037330,1720
-4159,-0.83,1723.72,2.73,A037350,3520
-99,-86.97,342.27,2.23,A037370,8540
48,25.67,-191.59,1.6,A037400,1100
264,16.2,802.1,4.05,A037440,3845
849,11.59,1941.93,2.42,A037460,9990
-1217,-4.97,391.34,2.63,A037560,4355
29793,5.5,8184.19,35.58,A037710,142000
62,30.42,374.13,5.24,A037760,1910
13,119.65,115.27,7.58,A037950,2195
466,9.09,1391.45,2.93,A038010,3525
-1310,-2.35,466.47,-12.12,A038060,1875
1126,7.85,1567.07,3.31,A038070,11000
-32,-46.88,764.67,0.9,A038110,1430
-2675,-1.42,180.12,-151.31,A038160,862
-330,-75.13,2354.62,0.59,A038290,32050
-368,-11.08,116.86,-24.82,A038340,2830
2589,6.05,3930.73,13.51,A038390,13150
1108,3.92,942.59,1.97,A038460,4580
173,21.9,1094.95,8.07,A038500,3550
-1096,-1.48,26.73,-26.15,A038530,2230
2254,3.85,847.96,33.69,A038540,7630
1,802.52,128.95,2.83,A038620,1090
377,18.48,917.57,2.47,A038680,6800
615,7.29,991.5,5.87,A038870,6920
7,72.88,134.74,4.01,A038880,487
-12,-330.15,1748.88,-0.23,A038950,5410
1236,6.49,1852.01,10.04,A039010,6690
179,14.74,540.27,3.53,A039020,2700
983,105.07,6225.4,3.44,A039030,87900
-691,-73.95,3585.26,0.78,A039130,40600
-784,-30.76,206.03,-454.53,A039200,21850
-138,-2.86,15.68,8.42,A039230,181
186,9.62,3390.74,1.91,A039240,1655
96,64.04,1201.08,0.66,A039290,6740
120,25.58,870.13,2.57,A039310,2855
653,7.22,977.75,17.61,A039340,5080
154,14.95,251.53,10.75,A039420,2420
1466,14.05,2131.85,8.5,A039440,16600
52,157.48,1003.14,-0.04,A039560,7490
-358,-30.43,2359.34,5.13,A039570,9110
283,20.74,1297.08,5.02,A039610,5860
223,13.63,939.39,0.61,A039740,3000
350,38.96,2012.92,8.02,A039830,9800
1412,29.74,1824.64,27.34,A039840,27300
218,25.72,276.85,11.62,A039860,8270
-11,-128.6,287.38,-0.4,A039980,1305
736,7.46,1086.95,7.85,A040160,7240
-35,-58.94,343.32,0.38,A040300,1915
-169,-10.82,-14.69,-78.45,A040350,2080
489,15.47,766.27,14.32,A040420,6320
40,46.47,1391.76,1.25,A040610,1360
658,29.84,1691.56,11.76,A040910,15200
-183,-8.9,82.85,-28.26,A041020,1215
83,83.98,564.6,-95.04,A041140,8070
65,68.41,1987.5,1.23,A041440,3665
78,57.61,315.13,8.1,A041460,7360
-390,-98.5,3495.49,6.14,A041510,26000
-48,-106.08,3162.99,-2,A041520,4330
-1239,-1.16,90.69,-21.02,A041590,853
189,18.58,1617.39,4,A041650,2530
1493,15.84,2053.85,23.6,A041830,17700
1280,8.17,1668.68,8.16,A041910,10000
780,10.49,1142.7,15.91,A041920,18550
634,7.6,1257.69,3.72,A041930,5450
-334,-45.61,1071.22,-15.31,A041960,18500
710,185.99,2374.03,4.53,A042000,56700
-362,-2.69,1041.53,-57.49,A042040,697
-21,-64.3,319.88,1.99,A042110,1265
746,8.49,1287.63,11.95,A042370,7220
2345,6.01,8570.65,11.58,A042420,15200
466,8.96,787.76,5.32,A042500,5240
66,42.59,76.72,6.97,A042510,4225
-155,-22.68,1131.11,0.05,A042600,2895
-434,-64.23,106.56,3.5,A042660,21800
1153,4.82,135.69,10.27,A042670,5200
337,24.06,2019.21,11.4,A042700,9230
-127,-13.28,114.03,0.56,A042940,1930
-277,-10.42,144.12,-57.23,A043090,2195
-325,-1.65,-59.58,-27.71,A043100,392
2281,12.8,3238.38,15.78,A043150,22500
13,160.78,157.37,0.3,A043200,2525
14,117.03,19.13,7.94,A043220,1385
-144,-5.71,29.68,-3.1,A043260,605
-312,-7.48,1106.99,-10.05,A043290,1575
-7,-144.84,-19.07,0.87,A043340,1380
-374,-7.45,926.28,-21.47,A043360,2100
1506,5.73,5536.67,1.43,A043370,5970
-321,-4.64,54.2,-11.96,A043590,1490
126,28.01,431.17,3.53,A043610,3650
-285,-11.39,2197.97,-5.84,A043650,4260
-257,-5.59,269.52,-11.15,A043710,1305
-27,-39.03,105.17,2.57,A043910,1660
359,21.23,911.23,17.11,A044060,6410
2266,11.5,1859.52,13.31,A044340,21000
-88,-18.13,310.31,-5.44,A044380,1485
1001,7.72,2206.55,22.89,A044450,7720
-30,-194.66,581.2,-9.8,A044480,4900
-1690,-5.26,4929.98,-8.02,A044490,7610
45,32.18,423.81,1.63,A044780,1210
42,323.72,6989.41,-1.57,A044820,15050
97,68.84,495.32,5.56,A044960,7200
442,7.63,843.6,5.88,A045060,5820
1641,7.5,3624.06,4.32,A045100,10450
481,8.79,795.15,6.68,A045300,3615
301,10.54,162.64,20.56,A045340,3140
30,172.41,1207.74,7.92,A045390,5850
25,69.99,138.25,1.04,A045510,1965
1249,22.1,1031.19,9.2,A045520,28250
777,11.83,2249.91,4.38,A045660,12600
-1143,-2.44,43.44,-27.46,A045890,1390
279,22.6,967.49,4.67,A045970,9700
589,7.53,1022.03,7.17,A046110,4490
42,84.46,488.74,5.48,A046120,3035
26,208.92,1326.07,1.19,A046140,5770
109,21.49,24.49,-7.65,A046210,4945
119,25.16,448.39,11.86,A046310,2985
17,91,352.86,0.32,A046390,1505
601,10.2,1485.97,18.1,A046440,8250
592,27.47,2370.62,4.38,A046890,13900
822,8.44,843.75,7.77,A046940,6650
-335,-7.06,137.21,-1.74,A046970,1910
502,9.44,35.52,4.21,A047040,3830
1697,10.99,391.53,2.48,A047050,16000
97,35.15,42.43,-0.63,A047080,2775
1611,6.33,1289.72,4.57,A047310,7690
55,42.61,308.55,3.34,A047400,4125
-1146,-6.33,132.6,-4.12,A047560,6580
180,15.64,118.65,12.6,A047770,2450
1748,19.48,138.83,8.86,A047810,25350
74,17.31,162.93,2.89,A047820,1705
34,159.09,139.37,3.99,A047920,6270
-1138,-37.16,1706.83,7.59,A048260,31200
22,627.98,232.78,8.49,A048410,10950
201,29.63,1727.22,1.1,A048430,6600
31,170.5,1158.39,-0.46,A048470,5580
-101,-153.49,318.6,-52.33,A048530,14950
39,38.8,153.61,2.89,A048550,1570
-312,-12.98,209.29,0.17,A048770,3150
-44,-41.17,333.86,-0.49,A048830,1515
54,39.89,141.41,2.17,A048870,1805
87,77.18,997.95,1.91,A048910,6440
2073,6.22,4979.32,7.76,A049070,10350
-872,-1.7,5.1,-40.67,A049080,1090
-143,-14.73,436.96,-0.54,A049120,1670
-1733,-3.45,133.43,-44.91,A049180,5980
1581,5.41,3089.93,20.87,A049430,7470
-343,-2.02,-26.84,-13.49,A049470,735
50,64.58,305.84,1.62,A049480,3400
380,13.65,1481.95,2.17,A049520,4270
-177,-22.5,108.7,-2.23,A049550,3470
84,12.71,40.65,6,A049630,842
463,10.67,217.82,6.94,A049720,6000
17015,13.28,3580.92,3.35,A049770,196000
-1361,-2.54,906.25,-4.58,A049800,3170
-96,-88.95,4563.9,-1.01,A049830,8960
1430,24.82,2885.36,3.75,A049950,30650
769,24.63,2481.01,12.61,A049960,15900
-28,-22.96,-17.76,-0.2,A050090,592
31,99.72,184.64,2.34,A050110,2965
-161,-5.29,33.39,-5.99,A050120,855
-264,-7.7,96.87,-7.55,A050540,282
658,8.35,586.36,11.05,A050760,5950
112,48.32,358.97,-1.54,A050890,5310
430,17.32,2104.98,17.44,A050960,6060
-110,-38.08,32.64,-0.08,A051160,12050
1319,7.14,2360.21,7.32,A051360,6900
-1212,-14.07,1772.97,-3.82,A051370,10150
477,22.52,858.25,2.06,A051380,8040
174,21.63,1304.79,14.33,A051390,3750
76,57.96,1041.88,1.36,A051490,4880
434,66.06,1045.92,1.9,A051500,18700
3407,11.49,11723.35,15.55,A051600,30850
-175,-26.62,344.23,-6.17,A051630,3020
-105,-9.09,-21,3.04,A051780,798
43916,28.71,4822.48,15.31,A051900,1370000
4003,79.31,4362.05,3.13,A051910,390500
-201,-2.75,13.12,-87.06,A051980,610
-432,-26.49,47.42,-17.74,A052020,10600
-775,-1.61,52.57,-343.64,A052190,295
93,26.06,352.93,3.35,A052220,2195
723,29.1,1979.09,13.6,A052260,32950
-106,-3.61,387.15,-20.91,A052300,280
1975,6.51,3884.73,11.61,A052330,9330
-341,-42.81,1285.42,-1.15,A052400,13050
265,9.99,473.7,2.9,A052420,2450
-15,-188.83,417.34,0.04,A052460,4310
98,31.6,552.13,7.22,A052600,3775
136,50.88,407.94,2.26,A052670,7680
691,29.03,6478.92,9.82,A052690,16550
37,795,3585.51,2.81,A052710,21950
-940,-4.74,24.48,-55,A052770,4460
1833,6.82,1924.52,40.94,A052790,8890
328,16.08,560,9.44,A052860,3975
48,27.02,169.43,8.89,A052900,1290
268,29.48,880.31,9,A053030,12450
143,10.16,383.19,4.1,A053050,1400
-105,-7.61,-1.24,-0.81,A053060,635
-209,-3.55,-13.88,-16.28,A053110,567
90,63.91,1367.27,-2.34,A053160,6030
1141,7.64,490.52,9.98,A053210,8040
235,15.12,1076.59,1.26,A053260,3135
127,14.32,479.95,2.27,A053270,1470
0,24329.85,652.61,1.18,A053280,5440
49,66.16,785.35,3.47,A053290,3415
229,16.52,442.86,21.76,A053300,6490
-443,-11.38,1108.41,2.02,A053350,4705
-1483,-4.41,1856.59,0.23,A053450,5190
954,34.12,720.69,7.52,A053580,56400
-171,-11.55,-31.03,-1.95,A053590,1240
3502,4.6,3780.87,25.59,A053610,13850
857,9.22,3687.37,4.97,A053620,8760
2038,4.71,2377.72,8.28,A053690,8080
1912,34.26,4283.79,11.03,A053800,55300
-293,-34.01,613.18,-7.03,A053950,8330
-833,-7.52,285.65,-3.48,A053980,11200
472,6.49,1101.56,6.51,A054040,2450
436,27.2,2770.78,3.24,A054050,10600
23,94.77,659.99,1.67,A054090,2690
-76,-20.97,1.76,-6.18,A054180,1335
571,9.71,1513.78,4.98,A054210,4180
17,58.26,52.02,4.28,A054300,822
-151,-30.41,1122.28,2.32,A054410,3530
616,17.13,1509.69,5.78,A054450,8370
269,13.73,1018.77,4.49,A054540,3865
-130,-78.17,8290.47,-45.7,A054620,7920
-393,-2.88,36.03,-15.23,A054630,860
1062,9.8,798.25,15.43,A054670,10300
-1078,-11.13,4237.16,9.19,A054800,13750
1903,1.46,834.99,-2.66,A054920,3120
-2050,-9.63,442.52,-5.77,A054930,17250
-11,-156.92,216.92,1.23,A054940,1445
916,32.31,4271.08,9.5,A054950,35600
1617,13.6,2569.3,7.35,A055490,18550
-240,-27.51,151.22,-18.04,A056000,3085
-474,-6.33,180.17,-21.55,A056080,2430
-244,-22.6,929.5,-3.34,A056090,4540
3676,12.58,5270.9,13.58,A056190,35400
2107,4.2,2349.76,10.36,A056360,10400
325,11.93,576.63,6.42,A056700,2420
109,35.49,502.2,4.37,A057030,9810
7162,11.24,2869.08,5.88,A057050,67000
6,576.42,190.31,5.44,A057500,3195
463,4.24,346.76,-2.09,A057540,2430
53,26.39,100.64,26.41,A057680,1980
-650,-2.09,25.78,-69.66,A057880,1420
-267,-14.55,53.05,-1.64,A058110,19150
-208,-7.63,4.71,6.29,A058220,275
61,19.99,196.5,10.47,A058400,1660
-164,-9.34,211.33,-10.93,A058420,1385
446,38.3,629.73,1.09,A058430,12200
-171,-9.96,34.25,-13.69,A058450,843
3463,18.57,3869.62,37.66,A058470,96700
-357,-0.89,-10.88,8.27,A058530,289
356,19.89,1072.92,3.27,A058610,6050
406,8.47,327.87,19.26,A058630,4075
7705,10.2,9736.42,1.82,A058650,70300
123,56.65,1474.23,1.42,A058730,5450
24,175.07,158.2,4.44,A058820,4075
174,12.98,576.94,1.2,A058850,1900
264,8.7,911.3,3.05,A058860,2045
254,22.7,646.71,16.19,A059090,8800
-176,-30.72,713.48,-5.32,A059100,4730
356,21.47,1245.41,9.61,A059120,6790
140,19.86,362.53,9.69,A059210,2520
441,18.88,970.34,16.1,A060150,8560
-14,-92.76,126.25,6.86,A060230,1880
67,75.69,557.63,-10.29,A060240,4480
1069,20.77,1222.1,6.83,A060250,52700
65,18.7,71.03,2.64,A060260,1220
-777,-6.11,164.23,-12.55,A060280,7110
-2039,-0.3,-45.53,-342.09,A060300,610
22,213.13,376.32,1.79,A060370,4310
195,15.13,951.94,1.31,A060380,2720
-9,-635,753.71,-0.55,A060480,3745
355,6.27,546.7,7.13,A060540,1825
-23,-58.77,93.48,0.96,A060560,1145
-858,-6.96,319.34,-13.58,A060570,5110
-711,-8.57,700.12,-2.95,A060590,8180
-542,-42.34,1599.35,3.43,A060720,20800
-106,-9.79,90.75,-50.41,A060900,988
3918,11.72,1647.92,9.45,A060980,31750
-88,-90.79,1170.5,4.62,A061040,6540
221,29.6,1355.75,3.77,A061250,8890
744,10.48,583.8,12.92,A061970,7290
139,35.97,1540.67,0.6,A062860,5230
92,28.69,166.43,5.15,A062970,9490
2057,14.7,7685.07,-14.23,A063080,27200
2236,13.2,1127.67,11.24,A063160,30700
-395,-14.54,773.1,-10.26,A063170,4400
-67,-30.16,111.79,1.15,A063440,1735
132,58.94,1053.01,5.67,A063570,6880
830,14.4,2927.45,8.33,A063760,9100
-706,-1.3,-12.11,-68.58,A064090,491
-309,-15.08,330.48,-16.88,A064240,3635
418,7.58,637.86,5.7,A064260,3885
434,11.3,270.13,11.61,A064290,9310
-4168,-3.74,59.32,-11.38,A064350,15750
-266,-11.47,547.53,-11.05,A064480,3180
-2978,-6.66,187.47,-57.77,A064510,2695
-359914,-0.1,-68.31,-24.59,A064520,1210
-349,-19.45,85.23,-23.48,A064550,11800
4011,16.43,3676.58,34.53,A064760,83500
52,29.47,1742.19,6.18,A064800,1145
260,8.34,1065.5,4.71,A064820,3020
166,258.23,914.34,9.14,A064960,40000
-240,-5.09,94.39,-4.87,A065060,1295
2259,4.45,2566.75,5.41,A065130,8900
10,131.29,75.92,-2.24,A065150,1315
-191,-7.43,65.58,-4.73,A065170,2085
252,13.89,990.5,2.28,A065350,3080
784,16.65,544.47,14.77,A065370,15550
-174,-3.67,105.36,4.28,A065420,639
20,75.55,170.73,1.97,A065440,1500
80,42.49,683.89,5.33,A065450,4480
-34,-11.58,-10.72,-3.33,A065500,299
663,12.57,1473.45,13.32,A065510,7360
39,83.73,211.46,4.02,A065530,5470
-599,-9.18,787.19,13.97,A065560,5500
-476,-7.69,-129.1,-242.89,A065620,3190
-60,-77.78,31.58,-12.41,A065650,3910
-457,-93.87,1617.89,-70.11,A065660,63400
1187,7.08,4226.87,8.31,A065680,15900
-255,-11.12,1167.81,-4.1,A065690,2260
2973,7.87,2807.67,18.87,A065710,19800
-28,-100.55,162.11,-2.85,A065770,2360
-717,-2.28,-55.76,-39.88,A065940,1635
-203,-18.01,254.78,0.72,A065950,6750
185,40.45,1229.68,2.22,A066130,7200
133,101.21,1224.54,1.84,A066310,16500
-703,-3.87,389.13,-4.79,A066360,2580
-134,-14.62,214.64,4.73,A066410,1685
-2039,-4.1,100.47,-2.01,A066430,1860
173,416.75,1634.72,3.91,A066570,59300
11,269.67,432.16,1.14,A066590,4045
2126,8.02,3348,4.3,A066620,15700
289,12.96,1595.59,15.07,A066670,3690
1410,5.94,720.88,2.68,A066700,11500
-2,-215.95,-40.93,1.95,A066790,423
44,81.74,944.66,0.3,A066900,2690
-77,-20.01,83.56,-2.82,A066910,1860
-363,-60.44,927.89,-2.45,A066970,23600
5,129.63,38.06,8.25,A066980,707
-109,-74.02,634.05,8.29,A067000,12300
578,22.13,836.46,5.43,A067080,10900
2990,23.04,2233.05,21.88,A067160,58900
694,16.85,1847.75,3.21,A067170,12450
3143,11.03,5990.88,8.39,A067280,32000
35,140.29,56.09,1.12,A067290,5100
-95,-58.67,849.87,9.08,A067310,5220
-33,-247.69,1354.18,9.89,A067390,4735
336,8.25,803.07,3.26,A067570,2420
-171,-162.62,1207.36,-3.93,A067630,18500
-106,-32.4,217.84,1.3,A067730,3150
-251,-12.21,772.23,-1.19,A067770,2555
542,6.01,969.89,18.55,A067830,2400
1012,10.32,1382.01,26.52,A067900,11850
187,23.41,884.48,2.24,A067920,4480
2039,3.77,1508.59,6.86,A067990,7400
82,63.18,473.44,2.67,A068050,4030
160,99.09,1331.95,4.71,A068240,15800
2211,81.86,2181.03,33.5,A068270,213500
487,52.05,1708.88,2.38,A068290,20950
105,20.05,867.91,26.56,A068330,2280
735,16.06,2444.97,6.48,A068400,10150
240,165.55,1534.97,8.49,A068760,91700
749,7.31,1317.81,11.58,A068790,5300
662,11.77,710.61,15,A068930,7240
0,8179.24,170.16,-0.65,A068940,3230
1207,13.51,2191.13,29.42,A069080,18350
-239,-26.46,837.03,0.51,A069110,5290
-661,-7.24,775.62,-2.48,A069140,4770
1721,12.29,1634.85,16.12,A069260,16900
-1126,-1.63,218.65,-20.94,A069330,1055
295,31.74,1165.8,4.62,A069410,10600
-129,-21.82,-20.45,-0.81,A069460,2630
1576,7.39,3066.36,5.17,A069510,8740
1899,72.4,1871.55,4.01,A069620,102500
-3391,-1.33,1697.28,-7.77,A069640,3035
469,9.7,1862.62,2.72,A069730,3970
-632,-6.94,303.63,-13.12,A069920,3990
8296,10.02,3641.09,13.29,A069960,64000
175,37.4,529.99,3.65,A070300,6860
-64,-46.84,246.89,-1.72,A070590,3470
-287,-20.93,64.36,-3.19,A070960,4660
16,1214.37,1171.12,0.52,A071090,17000
297,19.42,580.46,9.52,A071200,7400
78,68.89,778.95,5.34,A071280,5070
-2209,-21.41,2547.22,1.78,A071320,39150
130,22.81,357.32,2.75,A071460,3175
144,51.35,1299.99,1.22,A071670,8110
-4232,-7.3,1528.36,2.73,A071840,27500
-346,-7.65,1402.3,-1.01,A071850,2580
70,18.41,62.77,2.73,A071950,1210
-1240,-2.46,487.19,-4.21,A071970,2260
186,96.69,1634.86,8.24,A072020,16250
-377,-13.71,663.34,-8.84,A072130,3510
10,314.95,1274.38,1.96,A072470,6240
-661,-2.92,202.57,-75.02,A072520,2090
7887,9.95,3888.35,7.69,A072710,76300
-62,-21.58,26.97,2.49,A072770,1680
1064,11.14,4597.93,1.65,A072870,10700
319,17.1,1628.62,4.05,A072950,5280
886,11.28,1360.08,15.21,A072990,10550
45,38.7,13.91,6.25,A073010,1340
-646,-2.64,329.56,-17.3,A073070,526
1249,14.01,3068.93,5.79,A073110,10100
-238,-10.4,427.24,-7.76,A073190,2260
-151,-27.76,-10.36,2.42,A073240,2945
2190,15.16,2628.23,15.85,A073490,49650
-149,-36.65,447.71,-4.4,A073540,4530
61,33.25,479.32,4.51,A073560,2465
20,95.83,517.71,3.67,A073570,1370
-45,-26.34,382.23,-18.18,A073640,2070
-14,-142.98,493.8,-4.01,A074430,1650
99,157.36,1542.01,10.4,A074600,14050
-1088,-7.16,135.63,-38.15,A074610,5440
264,17.25,1581.12,11.67,A075130,4830
-433,-11.65,2149.76,-2.5,A075180,3525
62,74.33,617.63,3.16,A075580,3520
121,20.13,308.72,3.57,A075970,2350
-101,-19.23,585.66,-2.13,A076080,1765
-420,-5.46,274.74,0.24,A076610,1665
495,15.46,6661.88,7.89,A077360,7490
935,7.14,1470.37,2.05,A077500,6240
737,9.2,18.63,4.92,A077970,6430
441,30.13,2781.37,8.05,A078000,12750
374,53.82,3304.68,12.17,A078070,35350
-321,-18.65,257.91,0.86,A078130,6070
517,13.3,1357.79,10.57,A078140,8990
40,74.55,333.38,3.6,A078150,2340
-904,-38.71,1045.49,-17.6,A078160,28200
8693,12.37,15199.88,26.84,A078340,106000
-1278,-4.54,512.68,-11.68,A078350,5270
-413,-24.85,2217.34,0.43,A078520,9200
-114,-13.51,92.12,2.92,A078590,3665
-59,-301.11,631.82,2.29,A078600,30100
-232,-8.09,137.64,4.79,A078650,1200
-207,-7.76,386.34,1.19,A078860,1485
1200,6.87,2076.71,4.84,A078890,6060
5744,8.98,2420.64,11.43,A078930,37700
-97,-30.74,57.8,3.54,A078940,1990
437,12.67,1991.42,2.76,A079000,4710
-7213,-4.79,994.32,6.28,A079160,23150
226,24.19,1921.17,1.52,A079170,5330
120,23.19,74.31,2.19,A079190,2780
1343,10.13,4245.36,5.62,A079370,9710
948,14.08,2145.82,1.93,A079430,14000
145,218.25,410.37,1.25,A079550,35850
-60,-59.47,3433.11,-9.31,A079650,2555
-750,-4.47,187.13,-21.75,A079810,4250
790,10.48,1018.89,16,A079940,14950
50,51.13,319.58,2.79,A079950,1865
3043,5.34,5430.07,6.08,A079960,13250
-777,-3.39,295.49,-26.49,A079970,1905
-8,-746.17,141,0.47,A079980,6900
225,12.09,584.11,13.88,A080000,3155
1052,6.77,2033.07,12.95,A080010,6860
95,192.37,1529.6,1.08,A080160,12250
-168,-24.62,406.59,3.79,A080220,3025
65,47.94,772.76,9.53,A080420,2715
-1086,-1.06,266.75,-133.05,A080440,498
-30,-268.12,956.5,-0.28,A080470,7030
182,26.75,2021.1,2.88,A080520,4240
-534,-6.73,281.8,0.09,A080530,2340
35,104.87,684.03,3.81,A080580,3785
1158,199.59,1836.37,14.21,A080720,16100
896,31.19,1307.27,8.21,A081000,27400
91,25.7,496.33,3,A081150,3980
-383,-7.13,1258.18,-4.27,A081580,2060
4365,12.14,1959.88,13.64,A081660,38450
444,16.68,967.2,9.34,A082210,5120
-2552,-15.11,437.6,-19.68,A082270,22700
-2658,-0.69,-33.62,-18.29,A082660,1500
-1258,-3.55,421.12,-3.24,A082740,4515
-334,-6.28,81.55,-4.39,A082800,1755
104,10.77,298.05,1.58,A082850,1100
932,14.37,1216.94,18.98,A082920,16950
138,68.97,1799,-0.69,A083310,10800
233,14.86,819.59,3.37,A083420,3680
1918,5.32,2077.59,13.02,A083450,18800
198,42.96,1159.64,6.33,A083500,9900
638,11.74,1576.26,5.63,A083550,21000
-277,-5.39,306.46,-7.71,A083640,1065
-568,-3.73,159.52,-5.59,A083650,1900
-387,-10.78,47.65,-8.91,A083660,4170
-899,-16.46,558.35,-75.39,A083790,12400
1225,5.07,1694.74,10.32,A083930,8210
1223,4.93,1872.42,4.11,A084010,7390
2325,15.12,7185.46,16.22,A084110,31100
-409,-4.29,74.83,-4.78,A084180,1320
252,65.56,2014.82,11.59,A084370,21450
94,55.01,513.89,3.26,A084650,27450
11314,2.41,720.05,7.1,A084670,26100
95,56.29,61.24,9.52,A084680,4545
1946,3.46,1563.24,4.38,A084690,7670
389,18.36,3020.65,4.3,A084730,6780
1214,22.51,1038.97,9.24,A084850,69900
-3711,-0.74,900.27,2.1,A084870,1810
-4131,-17.97,1716.69,-936.89,A084990,62600
-333,-3.4,164.13,-6.03,A085310,918
-433,-21.09,634.61,-7.33,A085370,5950
884,16.35,1479.96,1.09,A085660,20250
-455,-4.67,283.1,-7.76,A085670,1495
-1248,-1.61,541.09,-29.56,A085810,1390
123,30.93,845.52,7.92,A085910,3375
-108,-57.88,270.31,-0.51,A086040,8270
98,57.15,792.12,1.44,A086060,5630
13395,10.68,24779.52,4.8,A086280,113000
1208,11.88,1440.85,15.11,A086390,14450
6225,14.31,1514.59,14.22,A086450,96400
964,23.3,2391.83,6.81,A086520,24400
661,10.26,1656.99,8.58,A086670,8010
199,-494.38,1137.24,10.29,A086820,23850
-669,-9.94,189.48,-75.31,A086890,6660
4384,68.63,11287.74,12.48,A086900,169000
920,12.17,2439.22,2.85,A086960,11700
52,74.52,348.13,2.47,A086980,2740
-1156,-16.91,249.44,-705.31,A087010,16400
-89,-25.8,271.53,-1.73,A087260,3335
-752,-5.28,2246.21,-23.61,A087600,3380
-25788,-0.37,-42.94,-66.81,A087730,2720
1086,7.47,2845.48,9.77,A088130,7100
162,105.85,110.14,2.84,A088290,7150
-1246,-5.01,7417.56,-12.37,A088390,6000
-219,-16.91,1505.43,-3.75,A088790,2830
-247,-32.88,359.06,0.72,A088800,8500
102,35.03,1375.75,1.57,A088910,3880
1160,15.55,1267.87,6.52,A089010,12300
566,24.55,1802.48,13.06,A089030,17350
486,21.4,1708.95,9.24,A089140,9390
50,47.68,361.13,6.38,A089150,3170
-39,-23.24,482.62,17.65,A089230,608
413,12.13,1693.89,4.08,A089470,4320
-137,-5.19,-19.67,1.86,A089530,621
-1257,-21.33,148.4,-2.38,A089590,19000
2355,14.16,3179.46,26.12,A089600,30700
370,14.61,494.3,14.52,A089790,6400
805,8.11,2078.1,2.77,A089850,6710
371,23.56,256.22,11.69,A089890,6190
791,12.37,2375.64,34.52,A089970,9770
834,18.28,1789.96,8,A089980,17600
-152,-8.1,-34.86,-0.65,A090080,1345
210,16.1,688.53,3.91,A090150,2820
924,8.82,3050.7,4.5,A090350,7340
-463,-37.59,1880.92,-3.89,A090360,15400
-501,-2.61,112.14,-2.32,A090370,1370
37,34.91,2053.5,1.74,A090410,1440
3460,57.8,13322.35,7.67,A090430,163000
1770,12.4,1881.1,9.55,A090460,17450
107,129.11,1692.92,0.31,A090470,9870
-119,-9.17,70.07,-29.36,A090710,822
399,16.25,883.5,3.67,A090740,5390
460,23.93,726.46,11.43,A090850,13200
-93,-30.86,291.04,0.87,A091090,3040
24,348.25,2150.76,-2.09,A091120,8420
1311,6.46,1453.59,7.6,A091340,6640
522,6.53,512.72,10.06,A091440,4680
380,21.69,897.05,6.04,A091580,9000
424,38,2159.19,3.13,A091590,16650
1126,11.72,1367,8.38,A091700,8550
-920,-1.69,695.66,-2.37,A091810,3790
-713,-3.04,419.37,17.39,A091970,1935
431,123.04,1195.25,7.52,A091990,90800
5,5634.67,1289.39,-1.9,A092040,28350
207,45.58,1707.74,8.92,A092070,12850
1134,16.37,799.68,40.87,A092130,21350
476,43.25,754.02,7.6,A092190,21350
-1659,-1.25,575.71,-5.56,A092200,1750
-167,-6.19,151.99,-3.45,A092220,802
8130,6.69,2894.92,6.37,A092230,43900
152,22.45,902.12,3.04,A092300,2930
375,20.21,1350.07,2.49,A092460,5760
-330,-6.67,307.06,-14.75,A092600,2250
2438,19.83,2539.62,27.58,A092730,37200
738,6.53,1527.77,5.08,A092780,3985
-519,-13.12,1640.99,-13.59,A092870,8700
2313,8,751.83,4.73,A093050,13550
499,11.2,1598.75,11.2,A093190,4995
1,174.09,38.35,1.05,A093230,217
3083,11.82,3381.42,25.48,A093320,59700
87,93.4,352.51,5.4,A093370,7990
296,12.7,674.34,10.35,A093520,3520
53,67.76,284.82,7.92,A093640,3015
672,10.92,1626.55,5.58,A093920,7320
451,16.62,411.48,-4,A094170,5230
871,19.16,738.27,3.36,A094280,19850
225,14.93,431.38,10.11,A094480,3510
781,6.94,1196,7.86,A094820,4765
763,7.63,4323.88,7.71,A094840,5250
1635,4.1,1371.51,11.5,A094850,5550
-56,-23.63,81.23,2.29,A094860,1455
91,174.38,875.61,1.59,A094940,15550
57,67.05,547.5,2.44,A094970,3045
-439,-9.86,315.12,-13.58,A095190,3820
-3276,-6.46,127.16,-65.66,A095270,9410
308,31.7,2390.44,2.31,A095340,16600
36,109.57,1413.03,0.49,A095500,2500
982,5.06,639.52,1.48,A095570,3745
493,50.68,2225,6.59,A095610,22550
1104,15.36,3449.58,12.8,A095660,22000
-718,-87.05,2362.45,-394.02,A095700,75100
-1259,-2.38,630.07,3.32,A095720,2405
-606,-6.34,1157.96,0.64,A095910,4885
-11,-23.84,18.01,-8.06,A096040,169
1037,18.08,1806.23,12.94,A096240,20000
-37,-10.94,308.25,1.51,A096350,303
1017,30.15,1150.96,18.39,A096530,116900
-339,-16.1,1167.71,-1.85,A096610,4320
-187,-9.33,750.74,-5.78,A096630,1935
-533,-3.08,188.73,5.28,A096640,1285
349,21.91,178.39,-3.26,A096690,5770
-503,-12.62,382.68,0.38,A096760,5300
-381,-393.31,3828.88,2.54,A096770,118500
-209,-13.44,185.43,-19.19,A096870,2570
5184,0.96,-55.68,5.15,A097230,5820
4787,7.89,2450.79,8.92,A097520,32000
-65,-20.13,389.59,6.38,A097780,1465
254,7.92,164.5,7.99,A097800,1670
9312,27.12,6220.8,4.01,A097950,297000
106,45.95,688.26,1.95,A098120,3830
2159,48.87,3662.95,15.01,A098460,93300
262,9.05,486.42,6.29,A098660,2075
1705,15.07,2912.56,15.89,A099190,24600
93,32.19,275.9,4.55,A099220,2680
984,19.77,1712.14,13.17,A099320,23450
-72,-38,321.5,-5.31,A099410,4575
-614,-3.86,626.42,-10.78,A099440,2010
-305,-5.08,28.6,-9,A099520,2280
-544,-38.06,2109.36,21.09,A100030,18250
-796,-5.66,786.86,-5.36,A100090,4555
2421,13.01,3242.32,19.43,A100120,33450
167,15.41,841.4,4.46,A100130,4440
868,8.95,3456.11,11,A100220,7770
271,9.65,1020.56,5.71,A100250,2395
1112,55.14,820.09,7.58,A100590,10250
216,14.91,2095.18,25.29,A100700,3105
2058,9.62,6583.19,8.19,A100840,16400
-281,-5.49,-20.09,-3,A101000,1005
-753,-2.72,747.28,1.98,A101060,1875
397,7.52,244.82,-22.96,A101140,3420
1180,7.02,1009.54,19.93,A101160,8890
-49,-64.1,1205.53,-2.28,A101170,2840
586,14.26,1117.09,17.31,A101240,8530
1924,2.2,2203.05,4.9,A101330,3350
-501,-2.17,41.91,-3.66,A101390,812
-85,-4.68,53.17,-53.2,A101400,375
512,23.84,820.83,13.14,A101490,27400
-1192,-6.02,1896.74,2.1,A101530,7870
-35,-47.02,718.01,-19.97,A101670,1040
-146,-18.6,1264.41,-3.2,A101680,1865
-1638,-2.51,328.54,-35.93,A101730,5960
-907,-5.9,2814.65,2.32,A101930,3890
766,9.26,1002.46,10.98,A102120,8690
-182,-6.04,1476.92,-7.32,A102210,1100
124,42.1,549.42,6.1,A102260,4285
-282,-3.88,137.55,-10.71,A102280,957
354,45.16,2597.86,6,A102460,13750
3239,8.83,3648.42,12.4,A102710,27600
-8090,-2.23,1868.5,-17.87,A102940,37250
-5033,-0.18,-177.37,-142.08,A103130,52
629,37.86,875.74,1.68,A103140,19800
-383,-8.68,981.96,-6.13,A103230,2020
97,31.12,721.03,1.71,A103590,2820
319,9.94,1711.37,6.23,A103840,4880
39,34.28,1625.64,0.83,A104040,1525
304,18.57,1016,8.28,A104200,4835
1974,5.98,1304.16,17.11,A104460,9680
104,21.21,459.27,1.55,A104480,2315
240,23.5,423.01,8.16,A104540,7940
2609,-44.02,1715.18,16.44,A104620,13900
414,11.41,1473.45,1.7,A104700,4400
2229,13.61,4773.43,16.32,A104830,23650
-1111,-3.99,1118.09,-3.62,A105330,9040
-280,-21.58,347.7,-10.93,A105550,5020
-6,-2776.24,2027.16,3.07,A105630,13300
1027,9.34,2099.09,13.23,A105740,7620
-620,-6.77,744.94,-2.21,A105840,3485
-2642,-0.3,-0.91,-43.93,A106080,3330
-595,-18.99,2681.41,-7.17,A106190,10100
8,526.12,161.19,5.15,A106240,3910
-53,-14.43,55.84,-2.11,A106520,655
6591,6.24,11081.13,4.12,A107590,44250
99,100.45,1874.08,-3.93,A108230,23100
2370,16.8,5711.99,5.45,A108320,36950
1306,10.64,4094.7,8.4,A108380,11150
241,56.01,989.68,7.21,A108490,13350
1156,47.3,1800.1,2.16,A108670,68200
50,101.3,843.09,3.19,A108790,4560
-321,-11.78,-41.77,-17.44,A108860,3410
-5557,-4.27,-74.43,-12.79,A109070,4100
503,15.47,1385.14,11,A109080,7310
-646,-6.87,679.48,-2.21,A109610,4045
306,29.75,1038.32,7.16,A109740,6850
-66,-32.04,65.4,-46.62,A109820,14850
2226,5.62,3578.97,14.49,A109860,10650
-38,-21.96,136.12,-3.5,A109960,915
-805,-21.44,107.82,-218.42,A110020,4890
3233,8.94,1655.2,16.91,A110790,21500
451,12.14,8636.08,7.54,A110990,7500
327,44.41,3108.62,6.24,A111110,10500
236,95.92,3115.17,27.76,A111710,13200
3753,9.13,6954.16,9.95,A111770,30650
-274,-9.97,293.53,-7.07,A111870,1685
-595,-49.79,2976.87,-8.21,A112040,31300
-203,-8.95,260.76,-21.37,A112240,1815
1846,20.59,4395.39,7.52,A112610,41800
-91,-6.46,19.95,-2.93,A113810,484
1170,16.62,1792.06,19.73,A114090,14900
-698,-1.32,-42.44,-44.78,A114120,397
80,77.4,704.64,1.57,A114450,6320
-8062,-0.4,-11.23,-515.08,A114570,620
-36,-109.98,836.26,-0.31,A114630,3150
-247,-25.96,1734.84,0.76,A114810,6750
820,6.34,3492.49,1.95,A115160,3185
2817,7.61,6930.76,49.4,A115310,18950
302,47.33,2549.78,5,A115390,12200
283,37.45,1494.6,3.83,A115440,10600
-667,-46.93,397.83,-14.98,A115450,25700
-178,-15.6,453.42,3.02,A115480,2585
236,19.09,236.53,8.69,A115500,4890
-14,-57.98,118.6,-5.79,A115530,839
-1064,-7,1994.19,0.9,A115570,6280
1355,17.23,3285.68,7.63,A115960,18250
474,11.06,1016.85,3.13,A117580,4785
-822,-8.29,567.42,-5.04,A117670,4985
1129,-18.22,1100.12,8.48,A117730,8670
-195,-18.27,102.6,-0.15,A118000,2660
-1213,-1.92,3614.9,0.72,A118990,3610
186,15.76,643.99,4.17,A119500,2825
1503,17.63,2327.77,24.43,A119610,23750
149,46.11,1047.79,2.83,A119650,6600
-1108,-6.43,951.44,5.07,A119830,6530
411,10.92,895.58,5.38,A119850,4775
1804,13.22,1600.36,17.08,A119860,26400
10187,8.11,19766.64,22.05,A120030,77900
1092,45.55,1341.62,3.92,A120110,33200
855,17.49,2829.79,13.02,A120240,13800
-751,-4.72,2021.56,-1.58,A121440,4665
530,31.54,1643.92,10.52,A121600,16700
-258,-29.97,1376.97,-9.78,A121800,6830
-3,-500.82,175.56,-5.25,A121850,1450
975,9.38,2395.14,22.53,A122310,9780
54,40.23,3695.11,1.92,A122350,1925
668,8.05,1851.94,17.4,A122450,6890
-2276,-6.06,779.09,-41.02,A122640,7670
-1118,-24.47,3511.33,0.77,A122870,29600
447,23.27,2160.62,1.78,A122900,10700
1202,12.56,2375.27,10.79,A122990,11050
-280,-4.45,137.24,-105.72,A123010,1635
551,10.93,578.47,5.24,A123040,5940
-1708,-2.88,787.95,-9.62,A123330,3980
206,14.29,4525.35,1.86,A123410,2530
310,66.55,2984.22,3.27,A123420,25300
323,10.96,398.42,21.02,A123570,3650
-1072,-10.12,317.68,-13.26,A123690,14050
438,8.77,2292.75,4.09,A123700,2875
-959,-1.3,159.99,-34.05,A123750,2915
-525,-1.85,1670.62,-31.95,A123840,615
-2193,-13.38,919.27,-38.82,A123860,22450
21,331.34,269.46,1.56,A124500,5630
491,6.49,1477.54,4.79,A124560,4450
-301,22.6,-107.53,-3.68,A125210,13150
335,10.18,1281.96,13.93,A126560,4450
424,8.78,926.07,5,A126600,3300
95,13.48,2151.63,1.73,A126640,1100
562,22.26,1726.09,2.72,A126700,9570
-1129,-3.6,472.66,-8.07,A126870,2580
355,13.57,732.84,7.67,A126880,4990
-1148,-3.22,43.29,-37.53,A127120,5630
-243,-3.29,798.92,-11.48,A127160,716
146,13.46,754.94,8.54,A127710,1545
177,40.12,4648.82,4.09,A128540,2435
85,31.94,226.8,3.09,A128660,2040
-1390,-2.52,489.92,-1.11,A128820,2975
4400,67.39,2542.54,9.33,A128940,237000
-902,-2.46,1029.3,1.35,A129260,1680
204,15.1,637.96,2.42,A130500,3710
686,12.04,633.32,16.55,A130580,10550
531,6.6,423.61,6.87,A130660,3390
-223,-11.13,977.03,0.63,A130740,2075
881,8.77,1214.02,25.13,A131030,7480
128,11.39,821.42,24.2,A131090,2080
72,24.98,1920.18,2.01,A131180,1525
165,30.93,626.1,3.99,A131220,6050
1462,9.44,3015.78,10.79,A131290,18250
162,16.45,1110.36,20.36,A131370,6620
1096,9.9,999.25,12.07,A131390,16150
-77,-58.41,235.78,1.88,A131400,7490
3,686.27,201.13,4.56,A131760,1625
3079,16.56,3974.58,24.98,A131970,67100
18,177.22,408.46,-1.05,A133750,4370
-254,-9.96,479.8,-2.1,A133820,2225
359,17.65,712.85,8.94,A134060,6540
6166,7.23,4614.07,10.01,A134380,49700
-385,-6.06,318.54,-13.8,A134580,1850
3907,11.32,3477.58,4.48,A134790,42150
-459,-6.15,503.36,-5.39,A136480,3090
899,10.45,2604.89,3.96,A136490,9960
-1060,-6.93,968.55,-45.56,A136510,9310
1207,11.01,1949.89,18.75,A136540,16700
-113,-63.76,791.49,0.46,A137400,12100
-77,-20.82,910.47,4.19,A137940,1295
540,11.11,756.36,6.41,A137950,5260
271,19.99,1537.89,5.77,A138070,4385
4642,10.65,2484.86,27.71,A138080,43050
-226,-41.73,2534.71,5.77,A138250,9550
143,31.33,420,3.12,A138490,3855
462,30.62,680.96,39.52,A138580,14300
-316,-35.13,453.45,-10.34,A138610,11150
-288,-3.06,93.92,-1.82,A139050,661
8391,15.2,5044.76,0.79,A139480,113500
5,1480.27,327,1.64,A139670,8420
43,55.93,3335.8,2.46,A140070,2200
-2681,-71.35,818.11,-130.26,A140410,180300
-35,-69.76,834.29,2.08,A140520,2180
16,557.3,768.5,0.18,A140670,8430
1277,31.75,1224.44,15.46,A140860,50400
396,27.38,2112.12,7.58,A141000,8860
-538,-0.94,-25.94,-44.97,A141020,108
-379,-3.57,80.9,-22.82,A141070,1235
1132,46.66,1771.63,14.64,A141080,51500
291,23.29,757.73,3.6,A142210,5930
-1311,-4,373.84,-4.72,A142280,9710
-1622,-4.33,214.86,-16.99,A142760,7610
178,143.18,2778.09,2.95,A143160,27700
314,21.78,2942.85,3.03,A143210,6200
2188,14.17,1918.41,29.17,A143240,25700
-77,-32.98,12.74,11.46,A143540,1810
-216,-175.75,742.13,-5.62,A144510,46650
-722,-2.27,2.77,-6.78,A144620,1735
133,31.85,3235.78,6.07,A144960,3970
9516,41.79,49764.05,33.28,A145020,369300
-187,-15.97,96.88,-10.57,A145210,1745
1336,40.28,3579.39,17.68,A145720,40850
3173,15.95,2066.81,3.89,A145990,43100
-429,-11.99,660.28,-7.54,A147760,4400
254,23.18,1037.1,5.48,A147830,4975
-8,-604.07,693.2,2.32,A148140,15150
3408,10.23,3512.39,15.04,A148150,27950
135,78.69,800.05,13.55,A148250,17500
464,16.58,1734.68,7.2,A149950,7300
206,27.18,3691.28,12.98,A149980,4790
-943,-3.41,63.05,-59.91,A150840,2305
-408,-9.01,267.89,-8.41,A150900,4070
2716,1.22,1124.4,9.87,A151860,4150
-148,-28.12,160.82,-28.13,A151910,4155
1651,9.78,260.87,12.62,A152330,13150
-57,-74.33,660.86,-3.92,A153460,5260
97,11.09,150.7,2.67,A153490,1040
-48,-197.73,366.89,-4.99,A153710,12400
-207,-14.47,904.37,2.41,A154040,2400
-81,-87.23,741.6,-3.54,A155650,11900
546,8.4,1820.15,4.51,A155660,3955
-892,-7.86,443.66,-37.71,A156100,5450
-750,-3.27,392.79,-48.94,A158310,505
166,-9.67,445.67,0.65,A158430,33350
466,22.45,658.3,5.26,A159580,8000
-53,-6.15,169.04,-34.93,A159910,428
-308,-12.87,702.68,-5.46,A160550,4060
-1535,-1.12,29.13,-32.03,A160600,310
401,27.44,1964.05,2.37,A160980,12900
952,8.61,2196.62,4.61,A161000,6940
3387,9.91,11812.77,7.9,A161390,23450
-921,-11.34,587.54,-10.63,A161580,10900
1284,36.78,4022.61,7.65,A161890,43300
606,9.09,2798.7,5.52,A163560,8930
1409,13.45,1390.93,26.41,A166090,17700
-329,-27.52,630.36,-20.95,A166480,16400
-649,-5.54,159.63,-169.13,A168330,2525
267,11.34,1280.46,2.01,A170030,4920
820,9.99,1115.04,11.82,A170790,13000
8398,14.17,1065.43,9.24,A170900,86800
101,125,2365.46,4.03,A170920,8590
273,28.06,440.35,10.35,A171010,6330
794,9.91,1934.16,13.04,A171090,7070
567,13.68,1165.47,7.39,A171120,8200
-2950,-2.18,791.95,2.94,A173130,6790
-485,-17.38,822.42,-5.87,A173940,5720
-162,-17.05,2012.23,-4.12,A174880,1845
356,112.74,834.48,29.8,A174900,48100
-2918,-3.68,510.19,-15.68,A175140,7090
-1426,-26.25,2658.86,-26.32,A175250,28350
-25,-86.29,618.64,0.83,A176440,1920
-987,-4.35,319.61,-17.36,A177350,2965
-1142,-4.75,763.83,-4.83,A177830,4525
2688,10.72,2728.83,13.86,A178320,27000
-144,-17.11,80.36,-20.76,A178780,1900
603,58.01,2143.26,15.02,A178920,31500
16,34.88,192.86,17.09,A179290,3875
310,59.68,693.77,10.04,A179900,16350
-4070,-9.83,373.51,-0.32,A180640,86300
-251,-19.25,927.66,-3.93,A181340,3560
631,105.91,16742.29,5.82,A181710,87300
37,110.7,553.8,3.22,A182360,4055
-401,-26.92,587.1,-275.29,A182400,13500
-348,-8.15,15.49,-33.88,A182690,3835
7157,10.62,4002.51,9.66,A183190,59500
2515,11.09,2525.69,19.9,A183300,32400
-2096,-33.58,1722.72,-52.12,A183490,74500
-697,-1.66,469.55,-18.84,A184230,1100
-756,-15.27,158.99,-220.35,A185490,8090
4950,19.6,1766.62,6.91,A185750,94400
586,19.1,1346.02,10.4,A186230,14350
-345,-20.95,1438.94,0.48,A187220,6110
-196,-13.65,892.17,-1.65,A187270,2505
-264,-21.61,409.89,-19.26,A187420,5810
18,111.77,298.4,-1.18,A187790,1575
661,18.61,1780.12,10.22,A187870,14900
1087,32.99,2251.61,6.97,A189300,24450
138,27.44,678.73,1.76,A189860,3515
75,12.32,1798.35,8.92,A189980,1680
-55,-434.79,2178.01,0.74,A190510,15850
-666,-3.52,563.69,-14.86,A191410,3635
106,221.48,1078.12,5.45,A191420,17300
6040,8.25,7201.94,30.09,A192080,67000
56,19.83,741.03,14.55,A192250,1420
-652,-5.61,930.85,-6.28,A192390,2920
11168,9.4,37819.94,14.1,A192400,86500
47,8.67,129.86,11.64,A192410,408
6489,7.86,9374.64,14.29,A192440,65700
501,16.11,4232.08,5.97,A192650,6510
3167,25.23,6836.86,4.06,A192820,88400
-122,-14.18,1253.47,5.08,A193250,1570
615,20.39,12232.05,4.39,A194370,7480
-1188,-6.14,2417.44,-59.01,A194480,8750
1634,14.37,1939.6,10.25,A194700,32150
183,24.34,382.8,2.65,A195500,9740
1078,14.65,145.34,7.09,A195870,15850
-273,-2.95,46.22,-93.69,A195990,743
-51,-1312.96,894.63,-7.7,A196170,241700
-1325,-7.62,472.1,-67.87,A196300,8720
46,16.89,152.95,3.33,A196450,478
-391,-3.87,129.78,0.6,A196490,1370
-16,-114.93,468.97,1.33,A196700,1600
174,22.24,594.65,2.85,A197140,3355
106,28.95,1991.69,-0.65,A198440,3560
1844,15.05,1610.23,16.88,A200130,40400
-635,-7.65,1221.54,5.29,A200230,4410
239,26.15,591.78,17.44,A200470,5960
1045,22.15,2719.33,16.89,A200670,21600
864,21.57,1144.51,5.38,A200710,30300
685,21.08,5818.07,12.7,A200780,19700
-1721,-2.87,4347.27,1.11,A200880,3600
356,16.14,409.11,33.97,A201490,6080
279,9.97,425.21,8.5,A203450,2750
64,43,1211.01,6.15,A203650,3710
-70,-49.92,576.72,-31.91,A203690,4010
282,31.23,1251.46,6.75,A204020,2695
110,6.15,588.92,4.99,A204270,12300
2354,14.96,2888.54,3.65,A204320,26650
156,23.94,391.35,11.59,A204620,2840
-187,-13.69,1266.51,-21.23,A204630,4820
-145,-7.59,-37.08,-29.52,A204840,923
-1579,-0.67,-68.71,-1056.86,A204990,1225
140,20.22,1667.05,18.33,A205100,3465
-44,-31.81,443.19,-9.56,A205470,3505
-327,-3.96,-15.13,-140.94,A205500,1400
26,27.93,324.37,17.11,A206400,1145
-313,-24.61,379.59,-9.66,A206560,5470
497,19.43,243.5,20.63,A206640,22050
-32,-244.82,157.88,29.66,A206650,6900
491,14.85,1699.15,21.7,A207760,7850
3067,141.2,2539.07,13.08,A207940,622000
43,59.14,2295.71,2.51,A208140,2305
-675,-68.27,73.88,-226.59,A208340,33200
318,18.58,936.35,5.67,A208350,5910
-224,-13.87,92.74,-15.1,A208370,2610
-149,-3.79,83.49,-363.99,A208640,750
218,8.54,1922.27,7.79,A208710,1660
-847,-5.72,85.34,-55.38,A208860,5920
1728,5.84,2938.28,7.55,A210540,8900
2365,12.31,1766.65,18.09,A210980,25950
48,147.9,1104.48,15.6,A211270,7270
317,14.3,1877.63,0.67,A212560,4130
528,15.54,1839.92,10.25,A213090,8400
798,32.96,3224.26,21.21,A213420,31850
1681,8.59,368.9,5.51,A213500,14450
534,26.49,1265.99,51.41,A214150,16500
1329,11.25,1863.31,21.8,A214180,14650
-570,82.04,494.12,-37.94,A214260,23600
36,31.8,473.63,5.32,A214270,1160
-1625,-1.58,233.84,-17.1,A214310,890
3681,19.26,7879.52,9.56,A214320,51700
-3,-1700.54,1289.73,1.62,A214330,4250
221,37.36,1149.29,3.23,A214390,8040
-308,-33.92,2781.66,-0.16,A214420,10300
25,865.37,1912.83,-4.62,A214430,22950
1680,21.66,4383.88,22.73,A214450,52600
20,89.02,659.51,2.92,A214680,1635
-127,-88.37,442.2,-0.11,A214870,14500
2584,26.67,6247.03,13.08,A215000,74700
-86,-5.62,953.97,4,A215090,1100
61,74.35,1348.04,0.84,A215100,5770
3984,10.42,21312.33,13.64,A215200,39150
802,25.42,1955.76,4.43,A215360,18600
28,191.6,439.03,1.99,A215380,7760
4,357.91,460.56,3.96,A215480,1170
-1600,-9.09,26.6,-645,A215600,12100
-1065,-1.61,286.84,-40.3,A215790,1940
1157,21.74,1897.32,35.43,A216050,28700
-2473,57.87,-493.3,-40.61,A216080,32350
368,8.26,242.09,8.17,A217190,2880
-796,-8.44,484.58,-56.1,A217270,6270
-571,-17.08,685.25,-212.97,A217330,11400
-930,-5.32,724.41,-10.56,A217480,4745
1,14.85,1004.99,18.2,A217500,2025
30,45.99,594,9.03,A217600,1265
38,51.84,842.85,2.79,A217620,1495
-1101,-7.4,478.02,-385.6,A217730,9030
439,11.5,557.56,8.54,A217820,7850
55,52.4,1529.85,2.93,A218150,4005
857,43.01,1563.2,16.64,A218410,36050
255,21.45,1282.9,4.17,A219130,6220
65,118.42,3050.75,9.04,A219420,7240
-51,-17.97,540.58,-3.66,A219550,779
-418,-8.36,168.82,-15.16,A219750,3955
-934,-14.83,283.51,-65.72,A220100,11800
-705,-2.89,471.67,-10.1,A220180,3460
11,279.68,1590.56,5.9,A220260,2970
148,18.87,760.23,6.57,A220630,2875
7,54.35,1197.45,0.96,A221610,488
208,23.7,833.68,5.2,A221840,3930
1857,6.62,3780.22,13.16,A221980,11500
-861,-7.63,614.62,-5.1,A222040,5600
209,12.57,827.14,15.31,A222080,5400
-927,-8.38,278.03,-276.89,A222110,7250
-54,-37.63,767.81,-0.4,A222420,2300
-1483,-7.95,1261.4,-1.79,A222800,11350
-106,-85.14,522.97,4.9,A222980,6380
-21,-8.11,113.37,0.81,A223310,166
42,12.5,347.73,-38.66,A224060,389
475,18.9,1684.23,4.03,A224110,9740
1347,9.47,662.4,24.73,A225190,9940
328,16.14,305.03,11.63,A225330,5410
-620,-64.93,1134.39,9.08,A225430,3390
175,29.06,278.45,14.92,A225530,4605
-698,-10.78,159.93,-60.04,A225570,7050
49,8.16,1261.82,6.73,A225590,1120
-215,-89.69,3669.89,5.35,A226320,14050
-699,-7.1,-323.24,-8877.29,A226330,10650
11,22.74,781.77,11.74,A226340,2905
-176,-21.14,1328.02,11.42,A226360,3030
59,54.02,575.64,4.3,A226400,3460
-73,150.27,470.85,4.14,A226440,1235
-1334,-19.23,1565.82,-2726.47,A226950,37700
163,-6.5,1053.15,1.49,A227100,7600
-1858,-3.96,630.17,-38.18,A227610,5040
1129,10.58,361.75,5.05,A227840,9990
-762,-4.09,1122.21,-10.33,A228340,2555
960,19.42,835.52,11.74,A228670,49500
-533,-43.96,982.39,-3660.22,A228760,16850
885,14.97,2433.49,18.1,A228850,11750
523,15.33,838.77,4.99,A229640,6990
81,22.8,1190.65,1.43,A230240,36600
1949,16.52,6251.12,33.98,A230360,38100
-901,-6.48,674.07,-10.02,A230980,5130
-177,-18.88,1469.88,-23.57,A232140,3610
1385,14.29,209.74,17.48,A234080,17600
69,41.23,1517.15,7.8,A234100,2900
-786,-8.47,444.85,-3.16,A234300,5930
1438,21.34,1208.24,23.04,A234340,34000
312,26.37,278.13,11.57,A234690,10200
-2211,-2.6,702.93,-52.38,A234920,3550
3643,9.29,3720.58,34.06,A236200,36400
-993,-30,3134.88,-28.63,A237690,36900
428,12.95,1754.82,10.63,A237750,6860
173,126.58,1698.95,7.43,A237880,21200
-15,-305.82,1010.35,10.31,A238090,3880
32,417.25,1065.61,-5.12,A238120,14950
308,59.85,2087.18,23.55,A238200,20600
1493,18.22,2131.95,9.05,A238490,19650
109,-9.6,99.65,7.69,A239340,4530
3839,14.25,3136.38,18.46,A239610,48950
885,40.5,2277.32,6.14,A240810,32500
2714,12.65,8815.47,10.58,A241560,23700
1031,16.43,1050.68,7.11,A241590,15000
468,17.94,1066.09,7.28,A241690,11000
456,24.91,2289.72,2.38,A241710,10450
819,18.81,2706.87,11.81,A241770,11300
1077,9.56,1237.76,16.9,A241790,13500
-881,-9.15,20.37,-17906.5,A241820,16800
314,65.47,245.92,2.55,A241840,8080
-242,23.07,469.26,-6.17,A242040,3720
3867,13.97,4282.45,13.26,A243070,48600
2446,15.68,513.62,8.43,A243840,39550
-2248,-40.71,-654.23,-3797.53,A244460,12750
-233,-19.74,1292.4,-31.7,A245620,14750
-681,-13.27,621.8,-506.4,A246710,11850
-935,-5.2,193.61,-493.71,A246720,4405
-781,-17.24,55.48,-1305.12,A246960,9950
2345,64.86,1862.21,8.53,A247540,119900
5870,5.79,6807.63,11.04,A248170,49350
-565,-28.3,1032.51,-0.27,A249420,13800
493,21.4,1540.34,6.86,A250000,7900
-18,-124.55,764.15,-14.21,A250060,2370
-33,-26.35,276.96,3.2,A250930,2095
1823,50.68,55922.53,9.3,A251270,92300
1773,16.33,2025.32,23.15,A251370,27000
441,20.91,1002.27,17.97,A251630,7700
1327,11.08,6910.11,14.37,A251970,16350
29,101.74,1231.94,1.75,A252500,4250
941,85.93,2956.14,6.12,A253450,76200
189,-31.43,2944.33,19.37,A253590,2190
-756,-7.25,276.1,-183.85,A253840,31450
-72,-5.43,149.16,1.33,A254120,1660
290,7.95,4702.75,10.64,A255220,2080
1250,15.72,2226.49,14.45,A255440,14200
1262,9.63,990.31,12.4,A256150,18200
132,96.38,2919.62,19.64,A256630,3965
52,28.44,282.86,25.96,A256840,2030
-27,-168.66,1302.39,-6.86,A256940,22000
320,214.72,1086.33,6.27,A257370,15050
-152,-64.59,554.19,2.75,A258610,5410
23,85.78,348.57,10.74,A258790,1950
603,14.72,1203.72,21.54,A258830,7250
392,44.52,1516.99,2.62,A259630,20400
131,13.55,1193.2,7.73,A260660,12600
765,17.46,3513.32,3.4,A260930,13000
569,15.88,1118.68,6.73,A263020,5000
-2351,-32.35,1452.6,-4484.32,A263050,64900
-4013,-1.78,101.94,-93.3,A263540,2015
551,15.6,1000.08,9.56,A263600,7600
483,8.1,490.58,7.61,A263690,18350
620,166.07,1819.96,9.33,A263700,17450
403,48.31,589.51,18.78,A263720,25550
12120,15.28,9049.6,28.1,A263750,204500
49,31.69,1757.78,6.92,A263770,4395
-43,-105.44,210.82,0.44,A263800,5600
176,20.89,383.4,3.62,A263810,3055
329,15.59,706.01,9.21,A263860,4855
-538,-15.02,1221.58,3.35,A263920,4555
2174,13.06,3343.49,11.76,A264450,36500
1200,6.3,2480.06,13.68,A264660,7980
75,16.27,456.24,8.56,A264850,2105
1424,6.1,5248.11,6.86,A264900,9760
618,54.33,1426.44,6.15,A265520,25100
-278,-34.65,1692.21,-3.37,A265560,10800
10636,31.78,10260.21,2.5,A267250,270500
-10684,-1.08,262.89,-8.85,A267260,8270
164,182.52,1097.96,5.53,A267270,19400
4163,5.1,2202.7,1.97,A267290,17500
575,13.71,884.48,13.33,A267790,11100
949,-29.36,2712.73,6.44,A267850,15700
8202,10.5,10334.55,6.12,A267980,80900
7542,9.57,9530.42,12.33,A268280,76800
-1039,-22.78,804.69,-90.92,A268600,87500
110,20.77,2070.16,4.52,A269620,2380
1056,14.97,1173.42,9.55,A270870,29250
5453,19.35,4940.01,16.19,A271560,132000
-720,-50.29,2101.24,0.06,A271980,38200
346,17.5,203.99,1.79,A272110,8050
556,13.34,60.88,3.97,A272210,8820
3635,14.72,4022.07,13.31,A272290,37300
-1888,-8.1,562.81,-5.37,A272450,10700
1998,7.88,302.85,11.08,A272550,17500
241,31.45,700.96,8.82,A275630,6220
-42,15.91,878.68,16.71,A277410,1785
2829,30.62,2598.06,22.52,A278280,93800
679,34.43,2541.74,16.36,A278650,20450
-142,-52.1,677.19,-5.35,A279600,5930
5932,25.2,37856.29,4.65,A280360,121000
1858,12.57,2809.27,18.49,A281820,20350
8758,19.35,3372.48,3.31,A282330,167000
1799,6.86,5171.35,11.56,A282690,10850
1456,11.16,503.54,13.68,A282880,25250
1534,14.95,16608.7,16.12,A284740,40450
807,7.04,1003.2,5.63,A285130,91900
1745,18.91,1235.21,25.78,A285490,23600
-1048,-58.92,-77.59,-33.46,A286750,11600
3679,14.79,493.55,4.86,A286940,39600
-8712,13.07,-4546.19,36.14,A288330,49500
259,30.54,971.69,5.74,A288620,21800
644,19.28,519.02,9.05,A289010,9990
975,9.73,647.77,5.36,A290120,6540
123,24.93,827.44,3.29,A290270,5780
837,21.19,1108.23,24.5,A290380,13950
266,65.96,10522.74,4.72,A290510,14700
-276,14.3,733.08,3.61,A290550,10000
993,85.48,1528.57,30.98,A290650,115300
-989,-4.01,396.43,-92.67,A290660,4315
628,37.88,1641.85,20.38,A290670,28300
655,20.56,1420.13,8.44,A290720,21900
1648,9.99,2505.41,15.97,A290740,9360
1747,12.47,2727.68,20.18,A293480,22250
-435,-54.55,2511.63,-680.73,A293780,24950
8239,2.89,916.87,13.08,A294870,19950
473,11.36,713.51,10.73,A297090,9130
37,-9.77,321.6,5.39,A297570,2030
27530,5.25,2677.9,8.49,A298000,112500
21510,7.18,2351.63,5.4,A298020,131500
1409,18.91,1910.73,3.45,A298040,17250
-15622,-7.11,1264.96,5.18,A298050,83200
-818,-19.16,402.21,-1013.52,A298380,18300
405,-4.21,205.12,3.15,A298690,3855
212,15.63,1082.08,14.29,A299900,4950
-981,7.32,1957.05,-8.65,A299910,12000
-2193,-13.2,-22145.79,-119.28,A300080,14300
745,18.87,1764.96,26.43,A300120,21450
9772,9.56,4182.77,6.23,A300720,81000
746,31.9,1904.84,21.95,A302430,16200
832,23.34,707.42,23.11,A302550,35900
-30,207.09,117.16,-0.25,A303030,2790
-15,-7.71,-57.48,10.82,A305090,20800
1612,13.02,903.89,11.32,A306040,57300
8762,6.95,3927.77,3.74,A306200,51100
49,-13.75,-135.97,10.66,A307180,1825
2614,15.87,4269.97,4.92,A307950,44900
1869,11.2,1993.21,15.78,A308100,12900
1443,20.14,1865.57,3.11,A308170,33450
267,60.15,13993.28,11.49,A311390,8270
-738,-28.58,702.64,-71.28,A311690,39200
600,21.03,1191.37,28.18,A312610,14300
427,16.4,3995.18,5.85,A313760,11150
171,-441.64,1203.71,11.24,A317120,7780
1416,28.46,474.85,33.31,A317330,14000
964,8.45,243.72,6.82,A317400,5840
73,-23.27,354.14,6.68,A317530,5130
738,49.51,2148.17,13.11,A317770,16750
131,37.47,2213.08,5.9,A317830,5950
344,27.54,1362.9,7.63,A317850,5380
340,51.83,49.35,27.93,A317870,6980
386,-34.67,742.54,18.01,A318000,6540
806,10.22,2026.26,28.24,A318010,13950
1346,17.54,2534.08,10.93,A319660,22700
2327,8.69,497.13,4,A322000,27150
439,23.45,1514.59,8.59,A322180,12800
-568,-8.71,20.67,-551.23,A322510,7800
398,61.96,3361.29,10.04,A327260,18800
656,13.35,2215.15,8.81,A336260,14950
451,45.15,3323.57,14.54,A336370,41350